accession,neg_class,name,organism,length,evidence_url,note
Q5M969,HAD_PHOSPHATASE,N-acylneuraminate-9-phosphatase,Rattus norvegicus (Rat),248,https://www.uniprot.org/uniprotkb/Q5M969/entry,"HAD-fold hydrolase, actual phosphatase/nucleotidase activity"
Q7T012,HAD_PHOSPHATASE,Haloacid dehalogenase-like hydrolase domain-containing protein 3,Danio rerio (Zebrafish) (Brachydanio rerio),242,https://www.uniprot.org/uniprotkb/Q7T012/entry,"HAD-fold hydrolase, actual phosphatase/nucleotidase activity"
Q6GAZ7,HAD_PHOSPHATASE,Acid sugar phosphatase,Staphylococcus aureus (strain MSSA476),259,https://www.uniprot.org/uniprotkb/Q6GAZ7/entry,"HAD-fold hydrolase, actual phosphatase/nucleotidase activity"
P0ADP0,HAD_PHOSPHATASE,5-amino-6-,Escherichia coli (strain K12),238,https://www.uniprot.org/uniprotkb/P0ADP0/entry,"HAD-fold hydrolase, actual phosphatase/nucleotidase activity"
Q9D5U5,HAD_PHOSPHATASE,Pseudouridine-5'-phosphatase,Mus musculus (Mouse),234,https://www.uniprot.org/uniprotkb/Q9D5U5/entry,"HAD-fold hydrolase, actual phosphatase/nucleotidase activity"
Q8TBE9,HAD_PHOSPHATASE,N-acylneuraminate-9-phosphatase,Homo sapiens (Human),248,https://www.uniprot.org/uniprotkb/Q8TBE9/entry,"HAD-fold hydrolase, actual phosphatase/nucleotidase activity"
P94526,HAD_PHOSPHATASE,Sugar-phosphatase AraL,Bacillus subtilis (strain 168),272,https://www.uniprot.org/uniprotkb/P94526/entry,"HAD-fold hydrolase, actual phosphatase/nucleotidase activity"
Q9H0R4,HAD_PHOSPHATASE,Haloacid dehalogenase-like hydrolase domain-containing protein 2,Homo sapiens (Human),259,https://www.uniprot.org/uniprotkb/Q9H0R4/entry,"HAD-fold hydrolase, actual phosphatase/nucleotidase activity"
P63228,HAD_PHOSPHATASE,"D-glycero-beta-D-manno-heptose-1,7-bisphosphate 7-phosphatase",Escherichia coli (strain K12),191,https://www.uniprot.org/uniprotkb/P63228/entry,"HAD-fold hydrolase, actual phosphatase/nucleotidase activity"
Q2FZX0,HAD_PHOSPHATASE,Acid sugar phosphatase,Staphylococcus aureus (strain NCTC 8325 / PS 47),259,https://www.uniprot.org/uniprotkb/Q2FZX0/entry,"HAD-fold hydrolase, actual phosphatase/nucleotidase activity"
Q04223,HAD_PHOSPHATASE,Uncharacterized protein YMR130W,Saccharomyces cerevisiae (strain ATCC 204508 / S288c) (Baker,302,https://www.uniprot.org/uniprotkb/Q04223/entry,"HAD-fold hydrolase, actual phosphatase/nucleotidase activity"
F4JTE7,HAD_PHOSPHATASE,,Arabidopsis thaliana (Mouse-ear cress),298,https://www.uniprot.org/uniprotkb/F4JTE7/entry,"HAD-fold hydrolase, actual phosphatase/nucleotidase activity"
Q2FIE5,HAD_PHOSPHATASE,Acid sugar phosphatase,Staphylococcus aureus (strain USA300),259,https://www.uniprot.org/uniprotkb/Q2FIE5/entry,"HAD-fold hydrolase, actual phosphatase/nucleotidase activity"
Q7A1D4,HAD_PHOSPHATASE,Acid sugar phosphatase,Staphylococcus aureus (strain MW2),259,https://www.uniprot.org/uniprotkb/Q7A1D4/entry,"HAD-fold hydrolase, actual phosphatase/nucleotidase activity"
P0A8Y3,HAD_PHOSPHATASE,Alpha-D-glucose 1-phosphate phosphatase YihX,Escherichia coli (strain K12),199,https://www.uniprot.org/uniprotkb/P0A8Y3/entry,"HAD-fold hydrolase, actual phosphatase/nucleotidase activity"
Q84MD8,HAD_PHOSPHATASE,Bifunctional riboflavin kinase/FMN phosphatase [Includes: FMN phosphatase,Arabidopsis thaliana (Mouse-ear cress),379,https://www.uniprot.org/uniprotkb/Q84MD8/entry,"HAD-fold hydrolase, actual phosphatase/nucleotidase activity"
P19881,HAD_PHOSPHATASE,Phosphoglycolate phosphatase,Saccharomyces cerevisiae (strain ATCC 204508 / S288c) (Baker,312,https://www.uniprot.org/uniprotkb/P19881/entry,"HAD-fold hydrolase, actual phosphatase/nucleotidase activity"
Q9CPT3,HAD_PHOSPHATASE,N-acylneuraminate-9-phosphatase,Mus musculus (Mouse),248,https://www.uniprot.org/uniprotkb/Q9CPT3/entry,"HAD-fold hydrolase, actual phosphatase/nucleotidase activity"
O14165,HAD_PHOSPHATASE,Uncharacterized protein C4C5.01,Schizosaccharomyces pombe (strain 972 / ATCC 24843) (Fission,249,https://www.uniprot.org/uniprotkb/O14165/entry,"HAD-fold hydrolase, actual phosphatase/nucleotidase activity"
O59760,HAD_PHOSPHATASE,Putative uncharacterized hydrolase C1020.07,Schizosaccharomyces pombe (strain 972 / ATCC 24843) (Fission,236,https://www.uniprot.org/uniprotkb/O59760/entry,"HAD-fold hydrolase, actual phosphatase/nucleotidase activity"
P95276,EPOXIDE_HYDROLASE,Epoxide hydrolase B,Mycobacterium tuberculosis (strain CDC 1551 / Oshkosh),356,https://www.uniprot.org/uniprotkb/P95276/entry,"alpha/beta hydrolase fold, no dehalogenation"
I6YGS0,EPOXIDE_HYDROLASE,Epoxide hydrolase A,Mycobacterium tuberculosis (strain ATCC 25618 / H37Rv),322,https://www.uniprot.org/uniprotkb/I6YGS0/entry,"alpha/beta hydrolase fold, no dehalogenation"
A0A242M8J4,EPOXIDE_HYDROLASE,Epoxide hydrolase,Caballeronia sordidicola (Burkholderia sordidicola),329,https://www.uniprot.org/uniprotkb/A0A242M8J4/entry,"alpha/beta hydrolase fold, no dehalogenation"
P9WG50,EPOXIDE_HYDROLASE,Lysoplasmalogenase,Mycobacterium tuberculosis (strain CDC 1551 / Oshkosh),261,https://www.uniprot.org/uniprotkb/P9WG50/entry,"alpha/beta hydrolase fold, no dehalogenation"
Q9ZAG3,EPOXIDE_HYDROLASE,"Limonene-1,2-epoxide hydrolase",Rhodococcus erythropolis (Arthrobacter picolinophilus),149,https://www.uniprot.org/uniprotkb/Q9ZAG3/entry,"alpha/beta hydrolase fold, no dehalogenation"
P9WG51,EPOXIDE_HYDROLASE,Lysoplasmalogenase,Mycobacterium tuberculosis (strain ATCC 25618 / H37Rv),261,https://www.uniprot.org/uniprotkb/P9WG51/entry,"alpha/beta hydrolase fold, no dehalogenation"
Q9KID9,EPOXIDE_HYDROLASE,Chorismatase,Streptomyces hygroscopicus,344,https://www.uniprot.org/uniprotkb/Q9KID9/entry,"alpha/beta hydrolase fold, no dehalogenation"
P64838,EPOXIDE_HYDROLASE,Lysoplasmalogenase,Mycobacterium bovis (strain ATCC BAA-935 / AF2122/97),261,https://www.uniprot.org/uniprotkb/P64838/entry,"alpha/beta hydrolase fold, no dehalogenation"
A0A096ZED0,EPOXIDE_HYDROLASE,"2,4-dinitroanisole O-demethylase subunit beta",Nocardioides sp. (strain JS1661),318,https://www.uniprot.org/uniprotkb/A0A096ZED0/entry,"alpha/beta hydrolase fold, no dehalogenation"
O53388,EPOXIDE_HYDROLASE,Epoxide hydrolase EphH,Mycobacterium tuberculosis (strain ATCC 25618 / H37Rv),214,https://www.uniprot.org/uniprotkb/O53388/entry,"alpha/beta hydrolase fold, no dehalogenation"
O33283,EPOXIDE_HYDROLASE,Epoxide hydrolase EphG,Mycobacterium tuberculosis (strain ATCC 25618 / H37Rv),149,https://www.uniprot.org/uniprotkb/O33283/entry,"alpha/beta hydrolase fold, no dehalogenation"
Q5ZU17,EPOXIDE_HYDROLASE,Lysoplasmalogenase,Legionella pneumophila subsp. pneumophila (strain Philadelph,216,https://www.uniprot.org/uniprotkb/Q5ZU17/entry,"alpha/beta hydrolase fold, no dehalogenation"
P77455,EPOXIDE_HYDROLASE,Bifunctional protein PaaZ [Includes: 2-oxepin-2,Escherichia coli (strain K12),681,https://www.uniprot.org/uniprotkb/P77455/entry,"alpha/beta hydrolase fold, no dehalogenation"
I6YC03,EPOXIDE_HYDROLASE,Epoxide hydrolase B,Mycobacterium tuberculosis (strain ATCC 25618 / H37Rv),356,https://www.uniprot.org/uniprotkb/I6YC03/entry,"alpha/beta hydrolase fold, no dehalogenation"
Q06816,EPOXIDE_HYDROLASE,Putative epoxide hydrolase,Stigmatella aurantiaca (strain DW4/3-1),440,https://www.uniprot.org/uniprotkb/Q06816/entry,"alpha/beta hydrolase fold, no dehalogenation"
Q51978,RIESKE_FERREDOXIN,"p-cumate 2,3-dioxygenase system, ferredoxin component",Pseudomonas putida (Arthrobacter siderocapsulatus),118,https://www.uniprot.org/uniprotkb/Q51978/entry,"Rieske [2Fe-2S] electron carrier, no oxygenase"
P0ABW2,RIESKE_FERREDOXIN,3-phenylpropionate/cinnamic acid dioxygenase ferredoxin subunit,Shigella flexneri,106,https://www.uniprot.org/uniprotkb/P0ABW2/entry,"Rieske [2Fe-2S] electron carrier, no oxygenase"
Q9HLT5,RIESKE_FERREDOXIN,Probable sulredoxin,Thermoplasma acidophilum (strain ATCC 25905 / DSM 1728 / JCM,111,https://www.uniprot.org/uniprotkb/Q9HLT5/entry,"Rieske [2Fe-2S] electron carrier, no oxygenase"
A5W4F0,RIESKE_FERREDOXIN,"Toluene 1,2-dioxygenase system ferredoxin subunit",Pseudomonas putida (strain ATCC 700007 / DSM 6899 / JCM 3191,107,https://www.uniprot.org/uniprotkb/A5W4F0/entry,"Rieske [2Fe-2S] electron carrier, no oxygenase"
Q3YZ13,RIESKE_FERREDOXIN,3-phenylpropionate/cinnamic acid dioxygenase ferredoxin subunit,Shigella sonnei (strain Ss046),106,https://www.uniprot.org/uniprotkb/Q3YZ13/entry,"Rieske [2Fe-2S] electron carrier, no oxygenase"
Q97UV1,RIESKE_FERREDOXIN,Probable sulredoxin,Saccharolobus solfataricus (strain ATCC 35092 / DSM 1617 / J,109,https://www.uniprot.org/uniprotkb/Q97UV1/entry,"Rieske [2Fe-2S] electron carrier, no oxygenase"
P0A186,RIESKE_FERREDOXIN,"Naphthalene 1,2-dioxygenase system, ferredoxin component",Pseudomonas sp. (strain C18),104,https://www.uniprot.org/uniprotkb/P0A186/entry,"Rieske [2Fe-2S] electron carrier, no oxygenase"
Q07947,RIESKE_FERREDOXIN,"Benzene 1,2-dioxygenase system ferredoxin subunit",Pseudomonas putida (Arthrobacter siderocapsulatus),107,https://www.uniprot.org/uniprotkb/Q07947/entry,"Rieske [2Fe-2S] electron carrier, no oxygenase"
Q84BZ1,RIESKE_FERREDOXIN,"Anthranilate 1,2-dioxygenase ferredoxin subunit",Burkholderia cepacia (Pseudomonas cepacia),108,https://www.uniprot.org/uniprotkb/Q84BZ1/entry,"Rieske [2Fe-2S] electron carrier, no oxygenase"
O52381,RIESKE_FERREDOXIN,"Naphthalene 1,2-dioxygenase/salicylate 5-hydroxylase systems, ferredoxin component",Ralstonia sp,104,https://www.uniprot.org/uniprotkb/O52381/entry,"Rieske [2Fe-2S] electron carrier, no oxygenase"
P42436,RIESKE_FERREDOXIN,Assimilatory nitrite reductase [NAD,Bacillus subtilis (strain 168),106,https://www.uniprot.org/uniprotkb/P42436/entry,"Rieske [2Fe-2S] electron carrier, no oxygenase"
A7ZPY3,RIESKE_FERREDOXIN,3-phenylpropionate/cinnamic acid dioxygenase ferredoxin subunit,Escherichia coli O139:H28 (strain E24377A / ETEC),106,https://www.uniprot.org/uniprotkb/A7ZPY3/entry,"Rieske [2Fe-2S] electron carrier, no oxygenase"
Q9ZR03,RIESKE_FERREDOXIN,"Cytochrome b6-f complex iron-sulfur subunit, chloroplastic",Arabidopsis thaliana (Mouse-ear cress),229,https://www.uniprot.org/uniprotkb/Q9ZR03/entry,"Rieske [2Fe-2S] electron carrier, no oxygenase"
P0A185,RIESKE_FERREDOXIN,"Naphthalene 1,2-dioxygenase system, ferredoxin component",Pseudomonas putida (Arthrobacter siderocapsulatus),104,https://www.uniprot.org/uniprotkb/P0A185/entry,"Rieske [2Fe-2S] electron carrier, no oxygenase"
Q51493,RIESKE_FERREDOXIN,"Naphthalene 1,2-dioxygenase system, ferredoxin component",Pseudomonas aeruginosa,104,https://www.uniprot.org/uniprotkb/Q51493/entry,"Rieske [2Fe-2S] electron carrier, no oxygenase"
P0ABW0,RIESKE_FERREDOXIN,3-phenylpropionate/cinnamic acid dioxygenase ferredoxin subunit,Escherichia coli (strain K12),106,https://www.uniprot.org/uniprotkb/P0ABW0/entry,"Rieske [2Fe-2S] electron carrier, no oxygenase"
Q52440,RIESKE_FERREDOXIN,Biphenyl dioxygenase ferredoxin subunit,Pseudomonas sp. (strain KKS102),109,https://www.uniprot.org/uniprotkb/Q52440/entry,"Rieske [2Fe-2S] electron carrier, no oxygenase"
X5CWH9,RIESKE_FERREDOXIN,"Chloroacetanilide N-alkylformylase 2, ferredoxin component",Rhizorhabdus wittichii (strain DC-6 / KACC 16600) (Sphingomo,105,https://www.uniprot.org/uniprotkb/X5CWH9/entry,"Rieske [2Fe-2S] electron carrier, no oxygenase"
Q8TAC1,RIESKE_FERREDOXIN,Rieske domain-containing protein,Homo sapiens (Human),157,https://www.uniprot.org/uniprotkb/Q8TAC1/entry,"Rieske [2Fe-2S] electron carrier, no oxygenase"
Q0T1X9,RIESKE_FERREDOXIN,3-phenylpropionate/cinnamic acid dioxygenase ferredoxin subunit,Shigella flexneri serotype 5b (strain 8401),106,https://www.uniprot.org/uniprotkb/Q0T1X9/entry,"Rieske [2Fe-2S] electron carrier, no oxygenase"
P54721,RING_CLEAVAGE_DO,"Catechol-2,3-dioxygenase",Bacillus subtilis (strain 168),285,https://www.uniprot.org/uniprotkb/P54721/entry,"intra/extradiol ring-cleavage dioxygenase, not ring-hydroxylating"
P27887,RING_CLEAVAGE_DO,Metapyrocatechase,Pseudomonas aeruginosa,307,https://www.uniprot.org/uniprotkb/P27887/entry,"intra/extradiol ring-cleavage dioxygenase, not ring-hydroxylating"
P47232,RING_CLEAVAGE_DO,"Biphenyl-2,3-diol 1,2-dioxygenase 2",Rhodococcus globerulus,190,https://www.uniprot.org/uniprotkb/P47232/entry,"intra/extradiol ring-cleavage dioxygenase, not ring-hydroxylating"
P12527,RING_CLEAVAGE_DO,Polyunsaturated fatty acid 5-lipoxygenase,Rattus norvegicus (Rat),673,https://www.uniprot.org/uniprotkb/P12527/entry,"intra/extradiol ring-cleavage dioxygenase, not ring-hydroxylating"
P47228,RING_CLEAVAGE_DO,"Biphenyl-2,3-diol 1,2-dioxygenase",Paraburkholderia xenovorans (strain LB400),298,https://www.uniprot.org/uniprotkb/P47228/entry,"intra/extradiol ring-cleavage dioxygenase, not ring-hydroxylating"
P08695,RING_CLEAVAGE_DO,"Biphenyl-2,3-diol 1,2-dioxygenase",Metapseudomonas furukawaii (Pseudomonas furukawaii),303,https://www.uniprot.org/uniprotkb/P08695/entry,"intra/extradiol ring-cleavage dioxygenase, not ring-hydroxylating"
A7KS56,RING_CLEAVAGE_DO,"Catechol 1,2-dioxygenase",Alcaligenes sp. (strain NyZ215),300,https://www.uniprot.org/uniprotkb/A7KS56/entry,"intra/extradiol ring-cleavage dioxygenase, not ring-hydroxylating"
P31003,RING_CLEAVAGE_DO,Metapyrocatechase,Geobacillus stearothermophilus (Bacillus stearothermophilus),327,https://www.uniprot.org/uniprotkb/P31003/entry,"intra/extradiol ring-cleavage dioxygenase, not ring-hydroxylating"
Q43984,RING_CLEAVAGE_DO,"Catechol 1,2-dioxygenase",Acinetobacter guillouiae (Acinetobacter genomosp. 11),305,https://www.uniprot.org/uniprotkb/Q43984/entry,"intra/extradiol ring-cleavage dioxygenase, not ring-hydroxylating"
P11122,RING_CLEAVAGE_DO,"Biphenyl-2,3-diol 1,2-dioxygenase",Sphingomonas paucimobilis (Pseudomonas paucimobilis),299,https://www.uniprot.org/uniprotkb/P11122/entry,"intra/extradiol ring-cleavage dioxygenase, not ring-hydroxylating"
Q53034,RING_CLEAVAGE_DO,Metapyrocatechase,Rhodococcus rhodochrous,318,https://www.uniprot.org/uniprotkb/Q53034/entry,"intra/extradiol ring-cleavage dioxygenase, not ring-hydroxylating"
A2QAP8,RING_CLEAVAGE_DO,Intradiol ring-cleavage dioxygenase hqdA,Aspergillus niger (strain ATCC MYA-4892 / CBS 513.88 / FGSC ,329,https://www.uniprot.org/uniprotkb/A2QAP8/entry,"intra/extradiol ring-cleavage dioxygenase, not ring-hydroxylating"
P51399,RING_CLEAVAGE_DO,Polyunsaturated fatty acid 5-lipoxygenase,Mesocricetus auratus (Golden hamster),673,https://www.uniprot.org/uniprotkb/P51399/entry,"intra/extradiol ring-cleavage dioxygenase, not ring-hydroxylating"
O33948,RING_CLEAVAGE_DO,"Catechol 1,2-dioxygenase 1",Acinetobacter lwoffii,311,https://www.uniprot.org/uniprotkb/O33948/entry,"intra/extradiol ring-cleavage dioxygenase, not ring-hydroxylating"
Q04285,RING_CLEAVAGE_DO,Metapyrocatechase,Pseudomonas putida (Arthrobacter siderocapsulatus),307,https://www.uniprot.org/uniprotkb/Q04285/entry,"intra/extradiol ring-cleavage dioxygenase, not ring-hydroxylating"
