accession,neg_class,mode,name,organism,length,evidence_url,note,func_snippet
Q97VT7,PTE_NEIGHBOR,a,Aryldialkylphosphatase,Saccharolobus solfataricus (strain ATCC 35092 / DSM 1617 / J,314,https://www.uniprot.org/uniprotkb/Q97VT7/entry,"SacPox PLL - native lactonase, low promiscuous paraoxonase (documented FP mode)","Has a low paraoxonase activity. Also active, but with a lower activity, against other organo-phosphorus insecticides such as Dursban, Coumaphos, pNP-butanoate o"
B5BLW5,PTE_NEIGHBOR,a,Arylesterase,Saccharolobus solfataricus,306,https://www.uniprot.org/uniprotkb/B5BLW5/entry,SsoPox PLL - quorum-quenching lactonase with promiscuous PTE activity,"Has a broad substrate specificity. Hydrolyzes various p-nitrophenyl phosphates, aromatic esters and p-nitrophenyl fatty acids in vitro. Most active against para"
P45548,PTE_NEIGHBOR,a,Phosphotriesterase homology protein,Escherichia coli (strain K12),292,https://www.uniprot.org/uniprotkb/P45548/entry,"E. coli PHP - PTE homology protein, no OP pesticide activity (hydrolyzes phosphoglycerol esters)",Catalyzes the hydrolysis of phosphorylated glyceryl acetates in which the presence of a phosphate group is required for the enzymatic hydrolysis. Hydrolyzes a d
Q9VHF2,PTE_NEIGHBOR,a,Phosphotriesterase-related protein,Drosophila melanogaster,350,https://www.uniprot.org/uniprotkb/Q9VHF2/entry,amidohydrolase-superfamily neighbor without documented OP pesticide hydrolysis,
B3M070,PTE_NEIGHBOR,a,Phosphotriesterase-related protein,Drosophila ananassae,350,https://www.uniprot.org/uniprotkb/B3M070/entry,amidohydrolase-superfamily neighbor without documented OP pesticide hydrolysis,
B4K4Y6,PTE_NEIGHBOR,a,Phosphotriesterase-related protein,Drosophila mojavensis,350,https://www.uniprot.org/uniprotkb/B4K4Y6/entry,amidohydrolase-superfamily neighbor without documented OP pesticide hydrolysis,
B3P1R1,PTE_NEIGHBOR,a,Phosphotriesterase-related protein,Drosophila erecta,350,https://www.uniprot.org/uniprotkb/B3P1R1/entry,amidohydrolase-superfamily neighbor without documented OP pesticide hydrolysis,
B4NAJ1,PTE_NEIGHBOR,a,Phosphotriesterase-related protein,Drosophila willistoni,350,https://www.uniprot.org/uniprotkb/B4NAJ1/entry,amidohydrolase-superfamily neighbor without documented OP pesticide hydrolysis,
Q0IEH7,PTE_NEIGHBOR,a,Phosphotriesterase-related protein,Aedes aegypti,356,https://www.uniprot.org/uniprotkb/Q0IEH7/entry,amidohydrolase-superfamily neighbor without documented OP pesticide hydrolysis,
Q96BW5,PTE_NEIGHBOR,a,N-acetyltaurine hydrolase,Homo sapiens,349,https://www.uniprot.org/uniprotkb/Q96BW5/entry,amidohydrolase-superfamily neighbor without documented OP pesticide hydrolysis,N-acetyltaurine hydrolase that regulates feeding by catalyzing the hydrolysis of N-acetyltaurine into taurine and acetate (PubMed:39112712). N-acetyltaurine has
Q60866,PTE_NEIGHBOR,a,N-acetyltaurine hydrolase,Mus musculus,349,https://www.uniprot.org/uniprotkb/Q60866/entry,amidohydrolase-superfamily neighbor without documented OP pesticide hydrolysis,N-acetyltaurine hydrolase that regulates feeding by catalyzing the hydrolysis of N-acetyltaurine into taurine and acetate (PubMed:39112712). N-acetyltaurine has
Q63530,PTE_NEIGHBOR,a,N-acetyltaurine hydrolase,Rattus norvegicus,349,https://www.uniprot.org/uniprotkb/Q63530/entry,amidohydrolase-superfamily neighbor without documented OP pesticide hydrolysis,N-acetyltaurine hydrolase that regulates feeding by catalyzing the hydrolysis of N-acetyltaurine into taurine and acetate (By similarity). N-acetyltaurine has a
A6QLJ8,PTE_NEIGHBOR,a,N-acetyltaurine hydrolase,Bos taurus,349,https://www.uniprot.org/uniprotkb/A6QLJ8/entry,amidohydrolase-superfamily neighbor without documented OP pesticide hydrolysis,N-acetyltaurine hydrolase that regulates feeding by catalyzing the hydrolysis of N-acetyltaurine into taurine and acetate. N-acetyltaurine has anorexigenic and 
Q0P3Z2,PTE_NEIGHBOR,a,N-acetyltaurine hydrolase,Danio rerio,349,https://www.uniprot.org/uniprotkb/Q0P3Z2/entry,amidohydrolase-superfamily neighbor without documented OP pesticide hydrolysis,"N-acetyltaurine hydrolase that catalyzes the hydrolysis of N-acetyltaurine into taurine and acetate. PTER also acts on other N-acetyl amino acids (Met, Ile, Leu"
P05020,PTE_NEIGHBOR,a,Dihydroorotase,Escherichia coli (strain K12),348,https://www.uniprot.org/uniprotkb/P05020/entry,amidohydrolase-superfamily neighbor without documented OP pesticide hydrolysis,Catalyzes the reversible cyclization of carbamoyl aspartate to dihydroorotate
A6T7D6,PTE_NEIGHBOR,a,Dihydroorotase,Klebsiella pneumoniae subsp. pneumoniae (strain ATCC 700721 ,348,https://www.uniprot.org/uniprotkb/A6T7D6/entry,amidohydrolase-superfamily neighbor without documented OP pesticide hydrolysis,Catalyzes the reversible cyclization of carbamoyl aspartate to dihydroorotate
Q81WF0,PTE_NEIGHBOR,a,Dihydroorotase,Bacillus anthracis,428,https://www.uniprot.org/uniprotkb/Q81WF0/entry,amidohydrolase-superfamily neighbor without documented OP pesticide hydrolysis,Catalyzes the reversible cyclization of carbamoyl aspartate to dihydroorotate
P22333,PTE_NEIGHBOR,a,Adenosine deaminase,Escherichia coli (strain K12),333,https://www.uniprot.org/uniprotkb/P22333/entry,amidohydrolase-superfamily neighbor without documented OP pesticide hydrolysis,Catalyzes the hydrolytic deamination of adenosine and 2-deoxyadenosine
O25046,PTE_NEIGHBOR,a,Adenosine deaminase,Helicobacter pylori (strain ATCC 700392 / 26695),409,https://www.uniprot.org/uniprotkb/O25046/entry,amidohydrolase-superfamily neighbor without documented OP pesticide hydrolysis,"Catalyzes the deamination of adenosine into inosine. Is also able to deaminate adenine, but with considerably less efficiency. Is not active toward 6-chloroaden"
A3PVY4,PTE_NEIGHBOR,a,Adenosine deaminase,Mycobacterium sp. (strain JLS),362,https://www.uniprot.org/uniprotkb/A3PVY4/entry,amidohydrolase-superfamily neighbor without documented OP pesticide hydrolysis,Catalyzes the hydrolytic deamination of adenosine and 2-deoxyadenosine
Q9AK25,PTE_NEIGHBOR,a,Adenosine deaminase 1,Streptomyces coelicolor (strain ATCC BAA-471 / A3(2) / M145),396,https://www.uniprot.org/uniprotkb/Q9AK25/entry,amidohydrolase-superfamily neighbor without documented OP pesticide hydrolysis,Catalyzes the hydrolytic deamination of adenosine and 2-deoxyadenosine
A0A5K7S486,PTE_NEIGHBOR,a,Phosphotriesterase like protein,Aquipluma nitroreducens,366,https://www.uniprot.org/uniprotkb/A0A5K7S486/entry,amidohydrolase-superfamily neighbor without documented OP pesticide hydrolysis,
A0A0H3NXN9,PTE_NEIGHBOR,a,Phosphotriesterase like protein,Yersinia enterocolitica subsp. palearctica serotype O:3 (str,295,https://www.uniprot.org/uniprotkb/A0A0H3NXN9/entry,amidohydrolase-superfamily neighbor without documented OP pesticide hydrolysis,
A0A1U7P1I7,PTE_NEIGHBOR,a,Phosphotriesterase like protein,Deinococcus marmoris,323,https://www.uniprot.org/uniprotkb/A0A1U7P1I7/entry,amidohydrolase-superfamily neighbor without documented OP pesticide hydrolysis,
G8Z4I4,PTE_NEIGHBOR,a,Phosphotriesterase-like protein,Lygus lineolaris,352,https://www.uniprot.org/uniprotkb/G8Z4I4/entry,amidohydrolase-superfamily neighbor without documented OP pesticide hydrolysis,
H0E317,PTE_NEIGHBOR,a,Phosphotriesterase-like protein,Patulibacter medicamentivorans,334,https://www.uniprot.org/uniprotkb/H0E317/entry,amidohydrolase-superfamily neighbor without documented OP pesticide hydrolysis,
M7XQY4,PTE_NEIGHBOR,a,Phosphotriesterase like protein,Mariniradius saccharolyticus AK6,329,https://www.uniprot.org/uniprotkb/M7XQY4/entry,amidohydrolase-superfamily neighbor without documented OP pesticide hydrolysis,
A0A087CLZ0,PTE_NEIGHBOR,a,Phosphotriesterase-like protein,Bifidobacterium psychraerophilum,329,https://www.uniprot.org/uniprotkb/A0A087CLZ0/entry,amidohydrolase-superfamily neighbor without documented OP pesticide hydrolysis,
A0A1R4F2E4,PTE_NEIGHBOR,a,Phosphotriesterase like protein,Agrococcus casei LMG 22410,314,https://www.uniprot.org/uniprotkb/A0A1R4F2E4/entry,amidohydrolase-superfamily neighbor without documented OP pesticide hydrolysis,
A0A1X6WLB8,PTE_NEIGHBOR,a,Phosphotriesterase like protein,Vagococcus fluvialis bH819,293,https://www.uniprot.org/uniprotkb/A0A1X6WLB8/entry,amidohydrolase-superfamily neighbor without documented OP pesticide hydrolysis,
P13001,GENERIC_ESTERASE,b/c,Pimeloyl-[acyl-carrier protein] methyl ester esterase,Escherichia coli (strain K12),256,https://www.uniprot.org/uniprotkb/P13001/entry,esterase/lipase without documented OP or pyrethroid hydrolysis,The physiological role of BioH is to remove the methyl group introduced by BioC when the pimeloyl moiety is complete. It allows to synthesize pimeloyl-ACP via t
O06350,GENERIC_ESTERASE,b/c,Carboxylesterase/phospholipase LipF,Mycobacterium tuberculosis (strain ATCC 25618 / H37Rv),373,https://www.uniprot.org/uniprotkb/O06350/entry,esterase/lipase without documented OP or pyrethroid hydrolysis,Hydrolyzes short-chain esters. Shows maximal activity with triacetin and p-nitrophenyl acetate. Has no enzyme activity on triacylglycerides or p-nitrophenyl est
P9WK87,GENERIC_ESTERASE,b/c,Carboxylesterase NlhH,Mycobacterium tuberculosis (strain ATCC 25618 / H37Rv),319,https://www.uniprot.org/uniprotkb/P9WK87/entry,esterase/lipase without documented OP or pyrethroid hydrolysis,"Hydrolyzes various short-chain esters, such as triacylglycerols and vinyl esters. Has no activity against emulsified substrates"
P9WHR2,GENERIC_ESTERASE,b/c,Serine protease Hip1,Mycobacterium tuberculosis (strain CDC 1551 / Oshkosh),520,https://www.uniprot.org/uniprotkb/P9WHR2/entry,esterase/lipase without documented OP or pyrethroid hydrolysis,Serine protease that promotes tuberculosis (TB) pathogenesis by promoting the processing and the extracellular release of the M.tuberculosis (Mtb) heat-shock pr
P9WP43,GENERIC_ESTERASE,b/c,Carboxylesterase Culp1,Mycobacterium tuberculosis (strain ATCC 25618 / H37Rv),217,https://www.uniprot.org/uniprotkb/P9WP43/entry,esterase/lipase without documented OP or pyrethroid hydrolysis,"Shows esterase activity, with a preference for short- and medium-chain fatty acids (PubMed:16716602, PubMed:19225166, PubMed:20103719, PubMed:23843969). Also ha"
Q2FDS6,GENERIC_ESTERASE,b/c,Carboxylesterase FphE,Staphylococcus aureus (strain USA300),276,https://www.uniprot.org/uniprotkb/Q2FDS6/entry,esterase/lipase without documented OP or pyrethroid hydrolysis,"Carboxylesterase, which hydrolyzes saturated lipid esters with a preference for C7 and C8 carbon chain lengths (PubMed:38411555). Hydrolyzes synthetic fluorogen"
O53581,GENERIC_ESTERASE,b/c,Carboxylesterase/lipase Culp6,Mycobacterium tuberculosis (strain ATCC 25618 / H37Rv),336,https://www.uniprot.org/uniprotkb/O53581/entry,esterase/lipase without documented OP or pyrethroid hydrolysis,"Shows esterase and phospholipase A activities (PubMed:19169353, PubMed:19225166, PubMed:20656688, PubMed:29247008). May be involved in cell wall biosynthesis an"
A0A0H3KFB7,GENERIC_ESTERASE,b/c,S-formylglutathione hydrolase FrmB,Staphylococcus aureus (strain Newman),253,https://www.uniprot.org/uniprotkb/A0A0H3KFB7/entry,esterase/lipase without documented OP or pyrethroid hydrolysis,Serine hydrolase involved in the detoxification of formaldehyde (By similarity). Hydrolyzes S-formylglutathione to glutathione and formate (By similarity). Carb
Q2FUY3,GENERIC_ESTERASE,b/c,S-formylglutathione hydrolase FrmB,Staphylococcus aureus (strain NCTC 8325 / PS 47),253,https://www.uniprot.org/uniprotkb/Q2FUY3/entry,esterase/lipase without documented OP or pyrethroid hydrolysis,Serine hydrolase involved in the detoxification of formaldehyde (By similarity). Hydrolyzes S-formylglutathione to glutathione and formate (By similarity). Prom
A0R619,GENERIC_ESTERASE,b/c,Carboxylesterase Culp6 homolog,Mycolicibacterium smegmatis (strain ATCC 700084 / mc(2)155),337,https://www.uniprot.org/uniprotkb/A0R619/entry,esterase/lipase without documented OP or pyrethroid hydrolysis,Esterase that may be involved in cell wall biosynthesis and/or maintenance. Hydrolyzes pNP-butyrate (C4)
Q79FA4,GENERIC_ESTERASE,b/c,Probable carboxylesterase Culp7,Mycobacterium tuberculosis (strain ATCC 25618 / H37Rv),187,https://www.uniprot.org/uniprotkb/Q79FA4/entry,esterase/lipase without documented OP or pyrethroid hydrolysis,May have a role in cell wall processes (PubMed:26177502). Does not exhibit cutinase activity (PubMed:19225166)
P9WP41,GENERIC_ESTERASE,b/c,Probable carboxylesterase Culp2,Mycobacterium tuberculosis (strain ATCC 25618 / H37Rv),230,https://www.uniprot.org/uniprotkb/P9WP41/entry,esterase/lipase without documented OP or pyrethroid hydrolysis,Shows weak esterase activity with the p-nitrophenol-linked aliphatic ester pNP-butyrate. Does not exhibit cutinase activity
A0A0H2XJL0,GENERIC_ESTERASE,b/c,Carboxylesterase FphH,Staphylococcus aureus (strain USA300),246,https://www.uniprot.org/uniprotkb/A0A0H2XJL0/entry,esterase/lipase without documented OP or pyrethroid hydrolysis,"Carboxylesterase, which hydrolyzes synthetic fluorogenic 4-methylumbelliferyl (4-MU)-based unbranched fatty acid esters with various carbon chain lengths includ"
A0A0H2XJG5,GENERIC_ESTERASE,b/c,Carboxylesterase FphB,Staphylococcus aureus (strain USA300),322,https://www.uniprot.org/uniprotkb/A0A0H2XJG5/entry,esterase/lipase without documented OP or pyrethroid hydrolysis,Carboxylesterase with a preference for short-chain fatty acid esters (By similarity). Hydrolyzes synthetic fluorogenic 4-methylumbelliferyl (4-MU) butyrate (Pub
P0DYJ0,GENERIC_ESTERASE,b/c,Carboxylesterase FphB,Staphylococcus aureus (strain Newman),322,https://www.uniprot.org/uniprotkb/P0DYJ0/entry,esterase/lipase without documented OP or pyrethroid hydrolysis,Carboxylesterase with a preference for short-chain fatty acid esters (By similarity). Involved in virulence in mouse model of S.aureus systemic infection (PubMe
Q2FV90,GENERIC_ESTERASE,b/c,Carboxylesterase FphB,Staphylococcus aureus (strain NCTC 8325 / PS 47),322,https://www.uniprot.org/uniprotkb/Q2FV90/entry,esterase/lipase without documented OP or pyrethroid hydrolysis,Carboxylesterase with a preference for short-chain fatty acid esters. Hydrolyzes synthetic fluorogenic 4-methylumbelliferyl (4-MU) butyrate with the highest act
P0DY75,GENERIC_ESTERASE,b/c,Hydroxyacylglutathione hydrolase GloB,Staphylococcus aureus (strain Newman),207,https://www.uniprot.org/uniprotkb/P0DY75/entry,esterase/lipase without documented OP or pyrethroid hydrolysis,Type II glyoxalase. Hydrolyzes (R)-S-lactoylglutathione to (R)-lactate and glutathione. Carboxylesterase with the highest activity toward oxygen ether substrate
Q8GHL1,GENERIC_ESTERASE,b/c,Pimeloyl-[acyl-carrier protein] methyl ester esterase,Serratia marcescens,255,https://www.uniprot.org/uniprotkb/Q8GHL1/entry,esterase/lipase without documented OP or pyrethroid hydrolysis,The physiological role of BioH is to remove the methyl group introduced by BioC when the pimeloyl moiety is complete. It allows to synthesize pimeloyl-ACP via t
E6MWF8,GENERIC_ESTERASE,b/c,Pimeloyl-[acyl-carrier protein] methyl ester esterase,Neisseria meningitidis serogroup B / serotype 15 (strain H44,258,https://www.uniprot.org/uniprotkb/E6MWF8/entry,esterase/lipase without documented OP or pyrethroid hydrolysis,The physiological role of BioH is to remove the methyl group introduced by BioC when the pimeloyl moiety is complete. It allows to synthesize pimeloyl-ACP via t
B3PI89,GENERIC_ESTERASE,b/c,Biotin biosynthesis bifunctional protein BioHC,Cellvibrio japonicus (strain Ueda107),502,https://www.uniprot.org/uniprotkb/B3PI89/entry,esterase/lipase without documented OP or pyrethroid hydrolysis,Converts the free carboxyl group of a malonyl-thioester to its methyl ester by transfer of a methyl group from S-adenosyl-L-methionine (SAM). It allows to synth
I6Y2J4,GENERIC_ESTERASE,b/c,Triacylglycerol lipase,Mycobacterium tuberculosis (strain ATCC 25618 / H37Rv),437,https://www.uniprot.org/uniprotkb/I6Y2J4/entry,esterase/lipase without documented OP or pyrethroid hydrolysis,"Catalyzes the hydrolysis of both intracellular and extracellular triacylglycerol (TAG) (PubMed:16354661, PubMed:17938218, PubMed:21471225, PubMed:29986895, PubM"
P37957,GENERIC_ESTERASE,b/c,Lipase EstA,Bacillus subtilis (strain 168),212,https://www.uniprot.org/uniprotkb/P37957/entry,esterase/lipase without documented OP or pyrethroid hydrolysis,Active toward triacylglycerides with a preference for esters with C8:0 acyl groups; barely active on C18:1 or C18:4 substrates. Active against p-nitrophenyleste
Q79F14,GENERIC_ESTERASE,b/c,Extracellular esterase EstB,Bacillus subtilis (strain 168),210,https://www.uniprot.org/uniprotkb/Q79F14/entry,esterase/lipase without documented OP or pyrethroid hydrolysis,An esterase which preferentially hydrolyzes triacylglyceride substrates with short chain fatty acids (C3-C10) with the maximum activity towards tricaprylin (C8:
P0DUB9,GENERIC_ESTERASE,b/c,Triacylglycerol lipase,Pseudarthrobacter phenanthrenivorans,319,https://www.uniprot.org/uniprotkb/P0DUB9/entry,esterase/lipase without documented OP or pyrethroid hydrolysis,Catalyzes the hydrolysis of triacylglycerol
P0DUB8,GENERIC_ESTERASE,b/c,Triacylglycerol lipase,Burkholderia plantarii,358,https://www.uniprot.org/uniprotkb/P0DUB8/entry,esterase/lipase without documented OP or pyrethroid hydrolysis,Catalyzes the hydrolysis of triacylglycerol
P22088,GENERIC_ESTERASE,b/c,Triacylglycerol lipase,Burkholderia cepacia,364,https://www.uniprot.org/uniprotkb/P22088/entry,esterase/lipase without documented OP or pyrethroid hydrolysis,Catalyzes the hydrolysis of triacylglycerol. It shows a preference for triacylglycerols with a chain length between 6 and 12 carbons
P26876,GENERIC_ESTERASE,b/c,Triacylglycerol lipase,Pseudomonas aeruginosa (strain ATCC 15692 / DSM 22644 / CIP ,311,https://www.uniprot.org/uniprotkb/P26876/entry,esterase/lipase without documented OP or pyrethroid hydrolysis,"Catalyzes the hydrolysis of triacylglycerol (PubMed:1748875). It also exhibits some esterase activity with p-nitrophenyl acetate and Tween 80 as substrates, how"
P04635,GENERIC_ESTERASE,b/c,Lipase,Staphylococcus hyicus,641,https://www.uniprot.org/uniprotkb/P04635/entry,esterase/lipase without documented OP or pyrethroid hydrolysis,Has a broad substrate specificity hydrolyzing a variety of triglycerides and phosphatidylcholines
P40600,GENERIC_ESTERASE,b/c,Extracellular lipase,Aeromonas hydrophila,684,https://www.uniprot.org/uniprotkb/P40600/entry,esterase/lipase without documented OP or pyrethroid hydrolysis,The optimum chain lengths for the acyl moiety is C6 for ester hydrolysis and C6 and C8 for triacylglycerol hydrolysis
P15493,GENERIC_ESTERASE,b/c,Triacylglycerol lipase,Vibrio cholerae serotype O1 (strain ATCC 39315 / El Tor Inab,312,https://www.uniprot.org/uniprotkb/P15493/entry,esterase/lipase without documented OP or pyrethroid hydrolysis,Catalyzes the hydrolysis of triacylglycerol
B6VG94,GENERIC_ESTERASE,b/c,S-formylglutathione hydrolase YeiG,uncultured prokaryote,272,https://www.uniprot.org/uniprotkb/B6VG94/entry,esterase/lipase without documented OP or pyrethroid hydrolysis,
