accession,class,family,source_db,name,organism,length,reviewed,tier,evidence_url,evidence_note,func_snippet
P0A433,OP,PTE,uniprot,Parathion hydrolase,Sphingobium fuliginis (strain ATCC 27551),365,True,VERIFIED,https://www.uniprot.org/uniprotkb/P0A433/entry,"canonical PTE, Sphingobium fuliginis ATCC 27551",Has an unusual substrate specificity for synthetic organophosphate triesters and phosphorofluoridates. All of the phosphate triesters found to be substrates are
P0A434,OP,PTE,uniprot,Parathion hydrolase,Brevundimonas diminuta,365,True,VERIFIED,https://www.uniprot.org/uniprotkb/P0A434/entry,"canonical OPH, Brevundimonas diminuta",Has an unusual substrate specificity for synthetic organophosphate triesters and phosphorofluoridates. All of the phosphate triesters found to be substrates are
Q93LD7,OP,PTE,uniprot,Phosphotriesterase,Agrobacterium tumefaciens,384,False,VERIFIED,https://www.uniprot.org/uniprotkb/Q93LD7/entry,OpdA Agrobacterium (Horne 2002 opd paper + structures),
Q5W503,OP,PTE,uniprot,Organophosphorus hydrolase,Ectopseudomonas oleovorans,324,False,VERIFIED,https://www.uniprot.org/uniprotkb/Q5W503/entry,"organophosphorus hydrolase, Ectopseudomonas oleovorans",
B2ZF61,OP,PTE,uniprot,Organophosphorus hydrolase,Stenotrophomonas sp. SMSP-1,324,False,VERIFIED,https://www.uniprot.org/uniprotkb/B2ZF61/entry,"organophosphorus hydrolase, Stenotrophomonas sp. SMSP-1",
A4ZYB5,OP,PTE,uniprot,Organophosphorus hydrolase,Burkholderia sp. JBA3,525,False,VERIFIED,https://www.uniprot.org/uniprotkb/A4ZYB5/entry,"organophosphorus hydrolase, Burkholderia sp. JBA3",
D0VX06,OP,PTE,uniprot,Organophosphorus hydrolase,Geobacillus stearothermophilus (strain DSM 13240 / CIP 10695,332,False,VERIFIED,https://www.uniprot.org/uniprotkb/D0VX06/entry,"organophosphorus hydrolase, Geobacillus stearothermophilus",
A0A0B4J186,OP,PTE,uniprot,Organophosphorus hydrolase,Ectopseudomonas oleovorans,337,False,VERIFIED,https://www.uniprot.org/uniprotkb/A0A0B4J186/entry,"organophosphorus hydrolase, Ectopseudomonas oleovorans",
A0A142JWK8,OP,PTE,uniprot,Organophosphorus hydrolase,Cupriavidus nantongensis,525,False,THIN,https://www.uniprot.org/uniprotkb/A0A142JWK8/entry,"organophosphorus hydrolase, Cupriavidus nantongensis",
A0AAN0VNH3,OP,PTE,uniprot,Organophosphorus hydrolase,Burkholderia cenocepacia,543,False,THIN,https://www.uniprot.org/uniprotkb/A0AAN0VNH3/entry,"organophosphorus hydrolase, Burkholderia cenocepacia",
Q0PWQ4,OP,MPH,uniprot,Methyl parathion hydrolase,Stenotrophomonas sp. YC-1,331,False,THIN,https://www.uniprot.org/uniprotkb/Q0PWQ4/entry,Mpd Stenotrophomonas sp. YC-1 (mpd cloning papers),
Q9ALW1,OP,MPH,uniprot,Methyl parathion hydrolase,Plesiomonas sp. M6,331,False,VERIFIED,https://www.uniprot.org/uniprotkb/Q9ALW1/entry,Mpd Plesiomonas sp. M6,
Q7P1E2,OP,MPH,uniprot,Methyl parathion hydrolase,Chromobacterium violaceum (strain ATCC 12472 / DSM 30191 / J,340,False,THIN,https://www.uniprot.org/uniprotkb/Q7P1E2/entry,"methyl parathion hydrolase, Chromobacterium violaceum",
W0V7Q8,OP,MPH,uniprot,Methyl parathion hydrolase,Janthinobacterium agaricidamnosum NBRC 102515 = DSM 9628,315,False,THIN,https://www.uniprot.org/uniprotkb/W0V7Q8/entry,MPH Janthinobacterium agaricidamnosum,
A2SFJ9,OP,MPH,uniprot,Methyl parathion hydrolase,Methylibium petroleiphilum (strain ATCC BAA-1232 / LMG 22953,339,False,THIN,https://www.uniprot.org/uniprotkb/A2SFJ9/entry,MPH Methylibium petroleiphilum,
A0A0H4ARG5,OP,MPH,uniprot,Methyl parathion hydrolase,Pseudomonas sp. Hn,331,False,VERIFIED,https://www.uniprot.org/uniprotkb/A0A0H4ARG5/entry,MPH Pseudomonas sp. Hn,
H9ZVH5,OP,MPH,uniprot,Methyl parathion hydrolase,Stutzerimonas stutzeri,331,False,VERIFIED,https://www.uniprot.org/uniprotkb/H9ZVH5/entry,MPH Stutzerimonas stutzeri,
A0A0H3I9W9,OP,MPH,uniprot,Methyl parathion hydrolase,Pectobacterium parmentieri,327,False,THIN,https://www.uniprot.org/uniprotkb/A0A0H3I9W9/entry,MPH Pectobacterium parmentieri,
W0VDH8,OP,MPH,uniprot,Methyl parathion hydrolase,Janthinobacterium agaricidamnosum NBRC 102515 = DSM 9628,319,False,THIN,https://www.uniprot.org/uniprotkb/W0VDH8/entry,MPH Janthinobacterium agaricidamnosum,
A0AAI7ZDC3,OP,MPH,uniprot,Methyl parathion hydrolase,Xanthomonas citri pv. citri (strain 306),340,False,THIN,https://www.uniprot.org/uniprotkb/A0AAI7ZDC3/entry,MPH Xanthomonas citri,
A0A068SKB1,OP,MPH,uniprot,Methyl parathion hydrolase,Neorhizobium galegae bv. orientalis str. HAMBI 540,329,False,THIN,https://www.uniprot.org/uniprotkb/A0A068SKB1/entry,MPH Neorhizobium galegae,
I4VTV9,OP,MPH,uniprot,Methyl parathion-degrading protein,Rhodanobacter fulvus Jip2,343,False,THIN,https://www.uniprot.org/uniprotkb/I4VTV9/entry,"methyl parathion-degrading protein, Rhodanobacter fulvus Jip2",
P27169,OP,PON,uniprot,Serum paraoxonase/arylesterase 1,Homo sapiens,355,True,VERIFIED,https://www.uniprot.org/uniprotkb/P27169/entry,"human PON1, paraoxonase (reviewed)",Hydrolyzes the toxic metabolites of a variety of organophosphorus insecticides. Capable of hydrolyzing a broad spectrum of organophosphate substrates and lacton
Q15165,OP,PON,uniprot,Serum paraoxonase/arylesterase 2,Homo sapiens,354,True,VERIFIED,https://www.uniprot.org/uniprotkb/Q15165/entry,human PON2 (reviewed),Capable of hydrolyzing lactones and a number of aromatic carboxylic acid esters. Has antioxidant activity. Is not associated with high density lipoprotein. Prev
Q15166,OP,PON,uniprot,Serum paraoxonase/lactonase 3,Homo sapiens,354,True,VERIFIED,https://www.uniprot.org/uniprotkb/Q15166/entry,human PON3 (reviewed),Has low activity towards the organophosphate paraxon and aromatic carboxylic acid esters. Rapidly hydrolyzes lactones such as statin prodrugs (e.g. lovastatin).
P55159,OP,PON,uniprot,Serum paraoxonase/arylesterase 1,Rattus norvegicus,355,True,VERIFIED,https://www.uniprot.org/uniprotkb/P55159/entry,rat PON1,Hydrolyzes the toxic metabolites of a variety of organophosphorus insecticides. Capable of hydrolyzing a broad spectrum of organophosphate substrates and lacton
P52430,OP,PON,uniprot,Serum paraoxonase/arylesterase 1,Mus musculus,355,True,VERIFIED,https://www.uniprot.org/uniprotkb/P52430/entry,mouse PON1,Hydrolyzes the toxic metabolites of a variety of organophosphorus insecticides. Capable of hydrolyzing a broad spectrum of organophosphate substrates and lacton
P27170,OP,PON,uniprot,Serum paraoxonase/arylesterase 1,Oryctolagus cuniculus,359,True,VERIFIED,https://www.uniprot.org/uniprotkb/P27170/entry,rabbit PON1,Hydrolyzes the toxic metabolites of a variety of organophosphorus insecticides. Capable of hydrolyzing a broad spectrum of organophosphate substrates and lacton
Q91090,OP,PON,uniprot,Serum paraoxonase/arylesterase 2,Meleagris gallopavo,354,True,VERIFIED,https://www.uniprot.org/uniprotkb/Q91090/entry,turkey PON2,"The absence of paraoxonase activity in turkey and chicken blood and in turkey liver indicates that PON2, if expressed, does not hydrolyze paraoxon"
Q90952,OP,PON,uniprot,Serum paraoxonase/arylesterase 2,Gallus gallus,354,True,VERIFIED,https://www.uniprot.org/uniprotkb/Q90952/entry,chicken PON2,"The absence of paraoxonase activity in turkey and chicken blood and in turkey liver indicates that PON2, if expressed, does not hydrolyze paraoxon"
Q62087,OP,PON,uniprot,Serum paraoxonase/lactonase 3,Mus musculus,354,True,VERIFIED,https://www.uniprot.org/uniprotkb/Q62087/entry,mouse PON3,Has low activity towards the organophosphate paraxon and aromatic carboxylic acid esters. Rapidly hydrolyzes lactones such as statin prodrugs (e.g. lovastatin).
Q68FP2,OP,PON,uniprot,Serum paraoxonase/lactonase 3,Rattus norvegicus,354,True,VERIFIED,https://www.uniprot.org/uniprotkb/Q68FP2/entry,rat PON3,Has low activity towards the organophosphate paraxon and aromatic carboxylic acid esters. Rapidly hydrolyzes lactones such as statin prodrugs (e.g. lovastatin).
Q9BGN0,OP,PON,uniprot,Serum paraoxonase/lactonase 3,Oryctolagus cuniculus,354,True,VERIFIED,https://www.uniprot.org/uniprotkb/Q9BGN0/entry,rabbit PON3,Has low activity towards the organophosphate paraxon and aromatic carboxylic acid esters (By similarity). Rapidly hydrolyzes lactones such as statin prodrugs (e
Q44238,OP,OPAA,uniprot,Xaa-Pro dipeptidase,Alteromonas sp,517,True,VERIFIED,https://www.uniprot.org/uniprotkb/Q44238/entry,OPAA Alteromonas sp. JD6.5 (reviewed),Splits dipeptides with a prolyl or hydroxyprolyl residue in the C-terminal position and a nonpolar amino acid at the N-terminal position. Also catalyzes the hyd
P77814,OP,OPAA,uniprot,Xaa-Pro dipeptidase,Pseudoalteromonas haloplanktis,440,True,VERIFIED,https://www.uniprot.org/uniprotkb/P77814/entry,OPAA-like Pseudoalteromonas haloplanktis (reviewed),Splits dipeptides with a prolyl or hydroxyprolyl residue in the C-terminal position and a nonpolar amino acid at the N-terminal position. Also catalyzes the hyd
Q7SIG4,OP,DFPASE,uniprot,Diisopropyl-fluorophosphatase,Loligo vulgaris,314,True,VERIFIED,https://www.uniprot.org/uniprotkb/Q7SIG4/entry,DFPase Loligo vulgaris (reviewed),"Biological function and substrate unknown. However, it is capable of acting on phosphorus anhydride bonds (such as phosphorus-halide and phosphorus-cyanide) in "
P35501,OP,INSECT_CE,uniprot,Esterase E4,Myzus persicae,552,True,VERIFIED,https://www.uniprot.org/uniprotkb/P35501/entry,"Esterase E4 Myzus persicae, OP resistance (reviewed)",Overproduction of nonspecific esterases is a common mechanism of resistance to organophosphate insecticides
P35502,OP,INSECT_CE,uniprot,Esterase FE4,Myzus persicae,564,True,VERIFIED,https://www.uniprot.org/uniprotkb/P35502/entry,"Esterase FE4 Myzus persicae, OP resistance (reviewed)",Overproduction of nonspecific esterases is a common mechanism of resistance to organophosphate insecticides
P16854,OP,INSECT_CE,uniprot,Esterase B1,Culex pipiens,540,True,VERIFIED,https://www.uniprot.org/uniprotkb/P16854/entry,"Esterase B1 Culex pipiens, OP resistance (reviewed)",Overproduction of nonspecific esterases is a common mechanism of resistance to organophosphate insecticides
C0LA90,PYR,BACT_CE,uniprot,Pyrethroid hydrolase,Sphingobium wenxiniae (strain DSM 21828 / CGMCC 1.7748 / JZ-,280,True,VERIFIED,https://www.uniprot.org/uniprotkb/C0LA90/entry,"PytH Sphingobium sp. JZ-1 (reviewed, catalytic rxn curated)","Catalyzes the hydrolysis of pyrethroids pesticides. Catalyzes the hydrolysis of cypermethrin to equimolar amounts of cyano-3-phenoxybenzyl alcohol and 2,2-dimet"
D0VUS3,PYR,BACT_CE,uniprot,Pyrethroid hydrolase,Sphingobium faniae,280,False,VERIFIED,https://www.uniprot.org/uniprotkb/D0VUS3/entry,PytH Sphingobium faniae (structure paper),
Q52NW7,PYR,BACT_CE,uniprot,Pyrethroid hydrolase,Klebsiella sp,637,True,VERIFIED,https://www.uniprot.org/uniprotkb/Q52NW7/entry,EstP Klebsiella sp. ZD112 (reviewed),Catalyzes the hydrolysis of pyrethroids pesticides. Hydrolyzes cis-permethrin at approximately equal rate to trans-permethrin
H2ESQ9,PYR,BACT_CE,uniprot,Pyrethroid-hydrolyzing carboxylesterase,Ochrobactrum sp. enrichment culture clone YZ-1,201,False,VERIFIED,https://www.uniprot.org/uniprotkb/H2ESQ9/entry,PytZ Ochrobactrum sp. (paper),
H2ER27,PYR,BACT_CE,uniprot,Prethroid-hydrolyzing esterase,Brucella anthropi,298,False,VERIFIED,https://www.uniprot.org/uniprotkb/H2ER27/entry,pyrethroid-hydrolyzing esterase Brucella anthropi (paper),
A0A128FAQ0,PYR,BACT_CE,uniprot,Pyrethroid hydrolase,Grimontia marina,283,False,THIN,https://www.uniprot.org/uniprotkb/A0A128FAQ0/entry,annotated pyrethroid hydrolase Grimontia marina,
A0A2P2EBN3,PYR,BACT_CE,uniprot,Pyrethroid hydrolase,Candidatus Phycosocius bacilliformis,284,False,THIN,https://www.uniprot.org/uniprotkb/A0A2P2EBN3/entry,annotated pyrethroid hydrolase Ca. Phycosocius,
A0A0J6ZAD6,PYR,BACT_CE,uniprot,Pyrethroid hydrolase,Mycolicibacterium chubuense,225,False,THIN,https://www.uniprot.org/uniprotkb/A0A0J6ZAD6/entry,annotated pyrethroid hydrolase Mycolicibacterium chubuense,
A0A0M9ETH8,PYR,BACT_CE,uniprot,Pyrethroid hydrolase,Fusarium langsethiae,256,False,THIN,https://www.uniprot.org/uniprotkb/A0A0M9ETH8/entry,annotated pyrethroid hydrolase Fusarium langsethiae,
A0A0N0GPS7,PYR,BACT_CE,uniprot,Pyrethroid hydrolase,Amantichitinum ursilacus,253,False,THIN,https://www.uniprot.org/uniprotkb/A0A0N0GPS7/entry,annotated pyrethroid hydrolase Amantichitinum ursilacus,
A0A222DYS1,PYR,BACT_CE,uniprot,Pyrethroid hydrolase,Antarctobacter heliothermus,236,False,THIN,https://www.uniprot.org/uniprotkb/A0A222DYS1/entry,annotated pyrethroid hydrolase Antarctobacter heliothermus,
A0A2R8C9N9,PYR,BACT_CE,uniprot,Pyrethroid hydrolase,Falsiruegeria mediterranea M17,237,False,THIN,https://www.uniprot.org/uniprotkb/A0A2R8C9N9/entry,annotated pyrethroid hydrolase Falsiruegeria mediterranea,
A0A2U3N342,PYR,BACT_CE,uniprot,Pyrethroid hydrolase,Acinetobacter stercoris,230,False,THIN,https://www.uniprot.org/uniprotkb/A0A2U3N342/entry,annotated pyrethroid hydrolase Acinetobacter stercoris,
A0A3G8JHC1,PYR,BACT_CE,uniprot,Pyrethroid hydrolase,Gordonia insulae,279,False,THIN,https://www.uniprot.org/uniprotkb/A0A3G8JHC1/entry,annotated pyrethroid hydrolase Gordonia insulae,
A0A401KD27,PYR,BACT_CE,uniprot,Pyrethroid hydrolase,Aspergillus awamori,260,False,THIN,https://www.uniprot.org/uniprotkb/A0A401KD27/entry,annotated pyrethroid hydrolase Aspergillus awamori,
A0A418SJG0,PYR,BACT_CE,uniprot,Pyrethroid hydrolase,Pseudooceanicola algae,239,False,THIN,https://www.uniprot.org/uniprotkb/A0A418SJG0/entry,annotated pyrethroid hydrolase Pseudooceanicola algae,
A0A484IAP8,PYR,BACT_CE,uniprot,Pyrethroid hydrolase,Candidatus Nitrosocosmicus franklandianus,243,False,THIN,https://www.uniprot.org/uniprotkb/A0A484IAP8/entry,annotated pyrethroid hydrolase Ca. Nitrosocosmicus franklandus,
A0A4R8SLP3,PYR,BACT_CE,uniprot,Pyrethroid hydrolase,Mycobacteroides salmoniphilum,268,False,THIN,https://www.uniprot.org/uniprotkb/A0A4R8SLP3/entry,annotated pyrethroid hydrolase Mycobacteroides salmoniphilum,
A0A564FSI2,PYR,BACT_CE,uniprot,Pyrethroid hydrolase,Methylobacterium dankookense,260,False,THIN,https://www.uniprot.org/uniprotkb/A0A564FSI2/entry,annotated pyrethroid hydrolase Methylobacterium dankookense,
A0A5E4SG75,PYR,BACT_CE,uniprot,Pyrethroid hydrolase,Pandoraea terrigena,231,False,THIN,https://www.uniprot.org/uniprotkb/A0A5E4SG75/entry,annotated pyrethroid hydrolase Pandoraea terrigena,
A0A5E4VN02,PYR,BACT_CE,uniprot,Pyrethroid hydrolase,Pandoraea anhela,259,False,THIN,https://www.uniprot.org/uniprotkb/A0A5E4VN02/entry,annotated pyrethroid hydrolase Pandoraea anhela,
A0A5S9QVG9,PYR,BACT_CE,uniprot,Pyrethroid hydrolase,Mycolicibacterium austroafricanum,222,False,THIN,https://www.uniprot.org/uniprotkb/A0A5S9QVG9/entry,annotated pyrethroid hydrolase Mycolicibacterium austroafricanum,
A0A654LZY4,PYR,BACT_CE,uniprot,Pyrethroid hydrolase,Candidatus Nitrosocosmicus oleophilus,243,False,THIN,https://www.uniprot.org/uniprotkb/A0A654LZY4/entry,annotated pyrethroid hydrolase Ca. Nitrosocosmicus oleophilus,
Q8K3R0,PYR,MAMM_CES,uniprot,Pyrethroid hydrolase Ces2a,Rattus norvegicus,558,True,VERIFIED,https://www.uniprot.org/uniprotkb/Q8K3R0/entry,rat Ces2a pyrethroid hydrolase (reviewed),Carboxylesterases that catalyzes the hydrolysis of pyrethroids pesticides. Hydrolyzes permethrin faster than cypermethrin (By similarity). Hydrolyzes retinyl es
Q8QZR3,PYR,MAMM_CES,uniprot,Pyrethroid hydrolase Ces2a,Mus musculus,558,True,VERIFIED,https://www.uniprot.org/uniprotkb/Q8QZR3/entry,mouse Ces2a pyrethroid hydrolase (reviewed),Carboxylesterases that catalyzes the hydrolysis of pyrethroids pesticides. Hydrolyzes permethrin faster than cypermethrin. Hydrolyzes retinyl esters (By similar
Q8BK48,PYR,MAMM_CES,uniprot,Pyrethroid hydrolase Ces2e,Mus musculus,559,True,VERIFIED,https://www.uniprot.org/uniprotkb/Q8BK48/entry,mouse Ces2e pyrethroid hydrolase (reviewed),Carboxylesterase that catalyzes the hydrolysis of pyrethroids pesticides. Hydrolyzes trans-permethrin at a rate about 22-fold higher than cis-permethrin. Also h
G3V7J5,PYR,MAMM_CES,uniprot,Pyrethroid hydrolase Ces2e,Rattus norvegicus,567,True,VERIFIED,https://www.uniprot.org/uniprotkb/G3V7J5/entry,rat Ces2e pyrethroid hydrolase (reviewed),Carboxylesterase that catalyzes the hydrolysis of pyrethroids pesticides. Hydrolyzes trans-permethrin at a rate about 22-fold higher than cis-permethrin. Also h
P23141,PYR,MAMM_CES,uniprot,Liver carboxylesterase 1,Homo sapiens,567,True,VERIFIED,https://www.uniprot.org/uniprotkb/P23141/entry,human CES1 - pyrethroid hydrolysis documented (lit),"Involved in the detoxification of xenobiotics and in the activation of ester and amide prodrugs (PubMed:18762277, PubMed:7980644, PubMed:9169443, PubMed:9490062"
O00748,PYR,MAMM_CES,uniprot,Cocaine esterase,Homo sapiens,559,True,VERIFIED,https://www.uniprot.org/uniprotkb/O00748/entry,human CES2 - pyrethroid hydrolysis documented (lit),Involved in the detoxification of xenobiotics and in the activation of ester and amide prodrugs (PubMed:9169443). Shows high catalytic efficiency for hydrolysis
D9IV61,PYR,INSECT_CE,uniprot,Carboxylic ester hydrolase,Helicoverpa armigera,555,False,VERIFIED,https://www.uniprot.org/uniprotkb/D9IV61/entry,Helicoverpa armigera carboxylesterase (fenvalerate),
H9ZVH4,PYR,INSECT_CE,uniprot,Carboxylic ester hydrolase,Helicoverpa armigera,555,False,VERIFIED,https://www.uniprot.org/uniprotkb/H9ZVH4/entry,Helicoverpa armigera carboxylesterase (fenvalerate),
D5KXB9,PYR,INSECT_CE,uniprot,Carboxylic ester hydrolase,Helicoverpa armigera,554,False,VERIFIED,https://www.uniprot.org/uniprotkb/D5KXB9/entry,Helicoverpa armigera carboxylesterase,
D5KXA4,PYR,INSECT_CE,uniprot,Carboxylic ester hydrolase,Helicoverpa armigera,547,False,VERIFIED,https://www.uniprot.org/uniprotkb/D5KXA4/entry,Helicoverpa armigera carboxylesterase,
D9IV62,PYR,INSECT_CE,uniprot,Carboxylic ester hydrolase,Helicoverpa armigera,555,False,VERIFIED,https://www.uniprot.org/uniprotkb/D9IV62/entry,Helicoverpa armigera carboxylesterase,
AFE88176.1,PYR,BACT_CE,ncbi,AFE88176.1 esterase sys410,uncultured bacterium,280,False,VERIFIED,https://www.ncbi.nlm.nih.gov/protein/AFE88176.1,"Sys410 thermostable pyrethroid esterase, metagenomic library (DOI 10.1186/1475-2859-11-33)",
AND66123.1,PYR,BACT_CE,ncbi,AND66123.1 pyrethroid-hydrolyzing esterase,Rhodopseudomonas palustris,320,False,VERIFIED,https://www.ncbi.nlm.nih.gov/protein/AND66123.1,"Est3385 pyrethroid-hydrolyzing esterase, Rhodopseudomonas palustris",
ACJ07038.1,PYR,BACT_CE,ncbi,ACJ07038.1 esterase,uncultured prokaryote,272,False,VERIFIED,https://www.ncbi.nlm.nih.gov/protein/ACJ07038.1,"Pye3 pyrethroid-hydrolyzing esterase, soil metagenome (DOI 10.1186/1475-2859-7-38)",
