id,source,length,profile,class,score,neg_score,margin,gxsxg,max_jaccard_vs_canon
BG|tr|D5G3D4|D5G3D4_HELAM,bg_euk_ce.fasta,750,FAMX:PYR:INSECT_CE,PYR,1556.9,0.0,1556.9,True,0.244
BG|tr|S4WFZ6|S4WFZ6_HELAM,bg_euk_ce.fasta,725,FAMX:PYR:INSECT_CE,PYR,1547.8,0.0,1547.8,True,0.238
BG|tr|A0A127KQ69|A0A127KQ69_HELAM,bg_euk_ce.fasta,747,FAMX:PYR:INSECT_CE,PYR,1546.9,0.0,1546.9,True,0.24
BG|tr|G0T5Q2|G0T5Q2_HELAM,bg_euk_ce.fasta,795,FAMX:PYR:INSECT_CE,PYR,1489.8,0.0,1489.8,True,0.233
BG|sp|O46421|EST1_MACFA,bg_euk_ce.fasta,566,UniRef90_P23141,PYR,1217.7,0.0,1217.7,True,0.688
BG|tr|A0A673HTT1|A0A673HTT1_9TELE,bg_euk_ce.fasta,733,FAMX:PYR:MAMM_CES,PYR,1158.3,0.0,1158.3,True,0.142
BG|tr|A0A673HUI3|A0A673HUI3_9TELE,bg_euk_ce.fasta,733,FAMX:PYR:MAMM_CES,PYR,1155.5,0.0,1155.5,True,0.14
BG|tr|A0A672QMK1|A0A672QMK1_SINGR,bg_euk_ce.fasta,798,FAMX:PYR:MAMM_CES,PYR,1145.8,0.0,1145.8,True,0.146
BG|tr|A0A673HWT7|A0A673HWT7_9TELE,bg_euk_ce.fasta,710,FAMX:PYR:MAMM_CES,PYR,1092.7,0.0,1092.7,True,0.137
BG|tr|A0A671QUD1|A0A671QUD1_9TELE,bg_euk_ce.fasta,708,FAMX:PYR:MAMM_CES,PYR,1092.3,0.0,1092.3,True,0.144
BG|sp|P12337|EST1_RABIT,bg_euk_ce.fasta,565,UniRef90_P23141,PYR,1078.4,0.0,1078.4,True,0.45
BG|tr|A0A341AGR4|A0A341AGR4_NEOAA,bg_euk_ce.fasta,735,FAMX:PYR:MAMM_CES,PYR,1000.5,0.0,1000.5,True,0.305
BG|tr|A0A341AGQ9|A0A341AGQ9_NEOAA,bg_euk_ce.fasta,761,FAMX:PYR:MAMM_CES,PYR,1000.3,0.0,1000.3,True,0.298
BG|tr|A0ACM7EA91|A0ACM7EA91_TURTR,bg_euk_ce.fasta,731,FAMX:PYR:MAMM_CES,PYR,994.4,0.0,994.4,True,0.304
BG|tr|A0A6J3QCZ8|A0A6J3QCZ8_TURTR,bg_euk_ce.fasta,729,FAMX:PYR:MAMM_CES,PYR,994.4,0.0,994.4,True,0.305
BG|tr|A0ACM7EAA1|A0ACM7EAA1_TURTR,bg_euk_ce.fasta,727,FAMX:PYR:MAMM_CES,PYR,994.4,0.0,994.4,True,0.301
BG|tr|A0ACM7EA94|A0ACM7EA94_TURTR,bg_euk_ce.fasta,746,FAMX:PYR:MAMM_CES,PYR,994.3,0.0,994.3,True,0.299
BG|tr|A0ACM7EAA3|A0ACM7EAA3_TURTR,bg_euk_ce.fasta,761,FAMX:PYR:MAMM_CES,PYR,994.2,0.0,994.2,True,0.298
BG|tr|A0AAD1THP5|A0AAD1THP5_PELCU,bg_euk_ce.fasta,777,FAMX:PYR:MAMM_CES,PYR,982.1,0.0,982.1,True,0.15
BG|tr|A0A286XCP4|A0A286XCP4_CAVPO,bg_euk_ce.fasta,792,FAMX:PYR:MAMM_CES,PYR,958.9,0.0,958.9,True,0.295
BG|sp|Q91WG0|EST2C_MOUSE,bg_euk_ce.fasta,561,FAMX:PYR:MAMM_CES,PYR,956.5,0.0,956.5,True,0.415
BG|tr|A0A8S4BF92|A0A8S4BF92_9TELE,bg_euk_ce.fasta,735,FAMX:PYR:MAMM_CES,PYR,951.2,0.0,951.2,True,0.135
BG|sp|O70631|EST2C_RAT,bg_euk_ce.fasta,561,FAMX:PYR:MAMM_CES,PYR,939.1,0.0,939.1,True,0.366
BG|sp|P16303|EST1D_RAT,bg_euk_ce.fasta,565,FAMX:PYR:MAMM_CES,PYR,937.9,0.0,937.9,True,0.396
BG|sp|Q8VCT4|EST1D_MOUSE,bg_euk_ce.fasta,565,FAMX:PYR:MAMM_CES,PYR,932.6,0.0,932.6,True,0.421
BG|sp|P14943|EST2_RABIT,bg_euk_ce.fasta,532,FAMX:PYR:MAMM_CES,PYR,924.1,0.0,924.1,True,0.308
BG|sp|Q29550|EST1_PIG,bg_euk_ce.fasta,566,FAMX:PYR:MAMM_CES,PYR,922.3,0.0,922.3,True,0.392
BG|sp|Q64419|EST1_MESAU,bg_euk_ce.fasta,561,FAMX:PYR:MAMM_CES,PYR,917.0,0.0,917.0,True,0.375
BG|sp|P10959|EST1C_RAT,bg_euk_ce.fasta,549,FAMX:PYR:MAMM_CES,PYR,916.9,0.0,916.9,True,0.326
BG|sp|Q64176|EST1E_MOUSE,bg_euk_ce.fasta,562,FAMX:PYR:MAMM_CES,PYR,915.4,0.0,915.4,True,0.368
BG|sp|Q63108|EST1E_RAT,bg_euk_ce.fasta,561,FAMX:PYR:MAMM_CES,PYR,914.9,0.0,914.9,True,0.366
BG|sp|Q8VCC2|EST1_MOUSE,bg_euk_ce.fasta,565,FAMX:PYR:MAMM_CES,PYR,907.4,0.0,907.4,True,0.371
BG|sp|Q64573|EST1F_RAT,bg_euk_ce.fasta,561,FAMX:PYR:MAMM_CES,PYR,896.9,0.0,896.9,True,0.292
BG|tr|E9PYP1|E9PYP1_MOUSE,bg_euk_ce.fasta,563,FAMX:PYR:MAMM_CES,PYR,895.6,0.0,895.6,True,0.333
BG|tr|A0ACM7EAF6|A0ACM7EAF6_TURTR,bg_euk_ce.fasta,705,FAMX:PYR:MAMM_CES,PYR,895.1,0.0,895.1,True,0.271
BG|tr|A0A3B3VUB2|A0A3B3VUB2_9TELE,bg_euk_ce.fasta,735,FAMX:PYR:MAMM_CES,PYR,891.7,0.0,891.7,True,0.13
BG|sp|P23953|EST1C_MOUSE,bg_euk_ce.fasta,554,FAMX:PYR:MAMM_CES,PYR,888.9,0.0,888.9,True,0.286
BG|sp|Q63010|EST5_RAT,bg_euk_ce.fasta,561,FAMX:PYR:MAMM_CES,PYR,884.4,0.0,884.4,True,0.286
BG|sp|Q91WU0|EST1F_MOUSE,bg_euk_ce.fasta,561,FAMX:PYR:MAMM_CES,PYR,871.6,0.0,871.6,True,0.299
BG|tr|G1SDM4|G1SDM4_RABIT,bg_euk_ce.fasta,593,FAMX:PYR:MAMM_CES,PYR,855.7,0.0,855.7,False,0.289
BG|tr|A0A5C6P9S0|A0A5C6P9S0_9TELE,bg_euk_ce.fasta,754,FAMX:PYR:MAMM_CES,PYR,846.9,0.0,846.9,True,0.129
BG|tr|A0A287A8N2|A0A287A8N2_PIG,bg_euk_ce.fasta,558,FAMX:PYR:MAMM_CES,PYR,823.6,0.0,823.6,False,0.352
BG|tr|A0ACM7EAA2|A0ACM7EAA2_TURTR,bg_euk_ce.fasta,781,FAMX:PYR:MAMM_CES,PYR,777.4,0.0,777.4,True,0.252
BG|sp|Q04791|SASB_ANAPL,bg_euk_ce.fasta,557,FAMX:PYR:MAMM_CES,PYR,773.2,0.0,773.2,True,0.175
BG|tr|A0A1J6I6H9|A0A1J6I6H9_9HYPH,bg_esterase.fasta,201,UniRef90_H2ESQ9,PYR,423.0,0.0,423.0,True,0.782
