id,source,length,profile,class,score,neg_score,margin,gxsxg,max_jaccard_vs_canon,uniprot_acc,annotation,pesticide_annotation,verdict,cluster_size,cluster_members
BG|tr|D5G3D4|D5G3D4_HELAM,bg_euk_ce.fasta,750,FAMX:PYR:INSECT_CE,PYR,1556.9,0.0,1556.9,True,0.244,D5G3D4,Carboxylesterase,False,NOVEL,3,BG|tr|D5G3D4|D5G3D4_HELAM;BG|tr|A0A127KQ69|A0A127KQ69_HELAM;BG|tr|G0T5Q2|G0T5Q2_HELAM
BG|tr|S4WFZ6|S4WFZ6_HELAM,bg_euk_ce.fasta,725,FAMX:PYR:INSECT_CE,PYR,1547.8,0.0,1547.8,True,0.238,S4WFZ6,Carboxylesterase,False,NOVEL,1,BG|tr|S4WFZ6|S4WFZ6_HELAM
BG|sp|O46421|EST1_MACFA,bg_euk_ce.fasta,566,UniRef90_P23141,PYR,1217.7,0.0,1217.7,True,0.688,O46421,Liver carboxylesterase 1,False,HOMOLOG-OF-CANON,1,BG|sp|O46421|EST1_MACFA
BG|tr|A0A673HTT1|A0A673HTT1_9TELE,bg_euk_ce.fasta,733,FAMX:PYR:MAMM_CES,PYR,1158.3,0.0,1158.3,True,0.142,A0A673HTT1,Carboxylesterase,False,NOVEL,2,BG|tr|A0A673HTT1|A0A673HTT1_9TELE;BG|tr|A0A673HUI3|A0A673HUI3_9TELE
BG|tr|A0A672QMK1|A0A672QMK1_SINGR,bg_euk_ce.fasta,798,FAMX:PYR:MAMM_CES,PYR,1145.8,0.0,1145.8,True,0.146,A0A672QMK1,Carboxylesterase,False,NOVEL,1,BG|tr|A0A672QMK1|A0A672QMK1_SINGR
BG|tr|A0A673HWT7|A0A673HWT7_9TELE,bg_euk_ce.fasta,710,FAMX:PYR:MAMM_CES,PYR,1092.7,0.0,1092.7,True,0.137,A0A673HWT7,Carboxylesterase,False,NOVEL,1,BG|tr|A0A673HWT7|A0A673HWT7_9TELE
BG|tr|A0A671QUD1|A0A671QUD1_9TELE,bg_euk_ce.fasta,708,FAMX:PYR:MAMM_CES,PYR,1092.3,0.0,1092.3,True,0.144,A0A671QUD1,Carboxylesterase,False,NOVEL,1,BG|tr|A0A671QUD1|A0A671QUD1_9TELE
BG|sp|P12337|EST1_RABIT,bg_euk_ce.fasta,565,UniRef90_P23141,PYR,1078.4,0.0,1078.4,True,0.45,P12337,Liver carboxylesterase 1,False,NOVEL,1,BG|sp|P12337|EST1_RABIT
BG|tr|A0A341AGR4|A0A341AGR4_NEOAA,bg_euk_ce.fasta,735,FAMX:PYR:MAMM_CES,PYR,1000.5,0.0,1000.5,True,0.305,A0A341AGR4,Carboxylesterase,False,NOVEL,2,BG|tr|A0A341AGR4|A0A341AGR4_NEOAA;BG|tr|A0A341AGQ9|A0A341AGQ9_NEOAA
BG|tr|A0ACM7EA91|A0ACM7EA91_TURTR,bg_euk_ce.fasta,731,FAMX:PYR:MAMM_CES,PYR,994.4,0.0,994.4,True,0.304,A0ACM7EA91,Carboxylesterase,False,NOVEL,4,BG|tr|A0ACM7EA91|A0ACM7EA91_TURTR;BG|tr|A0A6J3QCZ8|A0A6J3QCZ8_TURTR;BG|tr|A0ACM7EA94|A0ACM7EA94_TURTR;BG|tr|A0ACM7EAA3|A0ACM7EAA3_TURTR
BG|tr|A0ACM7EAA1|A0ACM7EAA1_TURTR,bg_euk_ce.fasta,727,FAMX:PYR:MAMM_CES,PYR,994.4,0.0,994.4,True,0.301,A0ACM7EAA1,Carboxylesterase,False,NOVEL,1,BG|tr|A0ACM7EAA1|A0ACM7EAA1_TURTR
BG|tr|A0AAD1THP5|A0AAD1THP5_PELCU,bg_euk_ce.fasta,777,FAMX:PYR:MAMM_CES,PYR,982.1,0.0,982.1,True,0.15,A0AAD1THP5,Carboxylesterase,False,NOVEL,1,BG|tr|A0AAD1THP5|A0AAD1THP5_PELCU
BG|tr|A0A286XCP4|A0A286XCP4_CAVPO,bg_euk_ce.fasta,792,FAMX:PYR:MAMM_CES,PYR,958.9,0.0,958.9,True,0.295,A0A286XCP4,Carboxylesterase,False,NOVEL,1,BG|tr|A0A286XCP4|A0A286XCP4_CAVPO
BG|sp|Q91WG0|EST2C_MOUSE,bg_euk_ce.fasta,561,FAMX:PYR:MAMM_CES,PYR,956.5,0.0,956.5,True,0.415,Q91WG0,Acylcarnitine hydrolase,False,NOVEL,1,BG|sp|Q91WG0|EST2C_MOUSE
BG|tr|A0A8S4BF92|A0A8S4BF92_9TELE,bg_euk_ce.fasta,735,FAMX:PYR:MAMM_CES,PYR,951.2,0.0,951.2,True,0.135,A0A8S4BF92,Carboxylesterase,False,NOVEL,1,BG|tr|A0A8S4BF92|A0A8S4BF92_9TELE
BG|sp|O70631|EST2C_RAT,bg_euk_ce.fasta,561,FAMX:PYR:MAMM_CES,PYR,939.1,0.0,939.1,True,0.366,O70631,Acylcarnitine hydrolase,False,NOVEL,1,BG|sp|O70631|EST2C_RAT
BG|sp|P16303|EST1D_RAT,bg_euk_ce.fasta,565,FAMX:PYR:MAMM_CES,PYR,937.9,0.0,937.9,True,0.396,P16303,Carboxylesterase 1D,False,NOVEL,1,BG|sp|P16303|EST1D_RAT
BG|sp|Q8VCT4|EST1D_MOUSE,bg_euk_ce.fasta,565,FAMX:PYR:MAMM_CES,PYR,932.6,0.0,932.6,True,0.421,Q8VCT4,Carboxylesterase 1D,False,NOVEL,1,BG|sp|Q8VCT4|EST1D_MOUSE
BG|sp|P14943|EST2_RABIT,bg_euk_ce.fasta,532,FAMX:PYR:MAMM_CES,PYR,924.1,0.0,924.1,True,0.308,P14943,Cocaine esterase,False,NOVEL,1,BG|sp|P14943|EST2_RABIT
BG|sp|Q29550|EST1_PIG,bg_euk_ce.fasta,566,FAMX:PYR:MAMM_CES,PYR,922.3,0.0,922.3,True,0.392,Q29550,Liver carboxylesterase,False,NOVEL,1,BG|sp|Q29550|EST1_PIG
BG|sp|Q64419|EST1_MESAU,bg_euk_ce.fasta,561,FAMX:PYR:MAMM_CES,PYR,917.0,0.0,917.0,True,0.375,Q64419,Liver carboxylesterase,False,NOVEL,1,BG|sp|Q64419|EST1_MESAU
BG|sp|P10959|EST1C_RAT,bg_euk_ce.fasta,549,FAMX:PYR:MAMM_CES,PYR,916.9,0.0,916.9,True,0.326,P10959,Carboxylesterase 1C,False,NOVEL,1,BG|sp|P10959|EST1C_RAT
BG|sp|Q64176|EST1E_MOUSE,bg_euk_ce.fasta,562,FAMX:PYR:MAMM_CES,PYR,915.4,0.0,915.4,True,0.368,Q64176,Carboxylesterase 1E,False,NOVEL,1,BG|sp|Q64176|EST1E_MOUSE
BG|sp|Q63108|EST1E_RAT,bg_euk_ce.fasta,561,FAMX:PYR:MAMM_CES,PYR,914.9,0.0,914.9,True,0.366,Q63108,Carboxylesterase 1E,False,NOVEL,1,BG|sp|Q63108|EST1E_RAT
BG|sp|Q8VCC2|EST1_MOUSE,bg_euk_ce.fasta,565,FAMX:PYR:MAMM_CES,PYR,907.4,0.0,907.4,True,0.371,Q8VCC2,Liver carboxylesterase 1,False,NOVEL,1,BG|sp|Q8VCC2|EST1_MOUSE
BG|sp|Q64573|EST1F_RAT,bg_euk_ce.fasta,561,FAMX:PYR:MAMM_CES,PYR,896.9,0.0,896.9,True,0.292,Q64573,Liver carboxylesterase 1F,False,NOVEL,1,BG|sp|Q64573|EST1F_RAT
BG|tr|E9PYP1|E9PYP1_MOUSE,bg_euk_ce.fasta,563,FAMX:PYR:MAMM_CES,PYR,895.6,0.0,895.6,True,0.333,E9PYP1,Carboxylic ester hydrolase,False,NOVEL,1,BG|tr|E9PYP1|E9PYP1_MOUSE
BG|tr|A0ACM7EAF6|A0ACM7EAF6_TURTR,bg_euk_ce.fasta,705,FAMX:PYR:MAMM_CES,PYR,895.1,0.0,895.1,True,0.271,A0ACM7EAF6,Carboxylesterase,False,NOVEL,1,BG|tr|A0ACM7EAF6|A0ACM7EAF6_TURTR
BG|tr|A0A3B3VUB2|A0A3B3VUB2_9TELE,bg_euk_ce.fasta,735,FAMX:PYR:MAMM_CES,PYR,891.7,0.0,891.7,True,0.13,A0A3B3VUB2,Carboxylesterase,False,NOVEL,1,BG|tr|A0A3B3VUB2|A0A3B3VUB2_9TELE
BG|sp|P23953|EST1C_MOUSE,bg_euk_ce.fasta,554,FAMX:PYR:MAMM_CES,PYR,888.9,0.0,888.9,True,0.286,P23953,Carboxylesterase 1C,False,NOVEL,1,BG|sp|P23953|EST1C_MOUSE
BG|sp|Q63010|EST5_RAT,bg_euk_ce.fasta,561,FAMX:PYR:MAMM_CES,PYR,884.4,0.0,884.4,True,0.286,Q63010,Liver carboxylesterase B-1,False,NOVEL,1,BG|sp|Q63010|EST5_RAT
BG|sp|Q91WU0|EST1F_MOUSE,bg_euk_ce.fasta,561,FAMX:PYR:MAMM_CES,PYR,871.6,0.0,871.6,True,0.299,Q91WU0,Carboxylesterase 1F,False,NOVEL,1,BG|sp|Q91WU0|EST1F_MOUSE
BG|tr|G1SDM4|G1SDM4_RABIT,bg_euk_ce.fasta,593,FAMX:PYR:MAMM_CES,PYR,855.7,0.0,855.7,False,0.289,G1SDM4,carboxylesterase,False,NOVEL,1,BG|tr|G1SDM4|G1SDM4_RABIT
BG|tr|A0A5C6P9S0|A0A5C6P9S0_9TELE,bg_euk_ce.fasta,754,FAMX:PYR:MAMM_CES,PYR,846.9,0.0,846.9,True,0.129,A0A5C6P9S0,Carboxylesterase,False,NOVEL,1,BG|tr|A0A5C6P9S0|A0A5C6P9S0_9TELE
BG|tr|A0A287A8N2|A0A287A8N2_PIG,bg_euk_ce.fasta,558,FAMX:PYR:MAMM_CES,PYR,823.6,0.0,823.6,False,0.352,A0A287A8N2,Carboxylesterase 1,False,NOVEL,1,BG|tr|A0A287A8N2|A0A287A8N2_PIG
BG|tr|A0ACM7EAA2|A0ACM7EAA2_TURTR,bg_euk_ce.fasta,781,FAMX:PYR:MAMM_CES,PYR,777.4,0.0,777.4,True,0.252,A0ACM7EAA2,Carboxylesterase,False,NOVEL,1,BG|tr|A0ACM7EAA2|A0ACM7EAA2_TURTR
BG|sp|Q04791|SASB_ANAPL,bg_euk_ce.fasta,557,FAMX:PYR:MAMM_CES,PYR,773.2,0.0,773.2,True,0.175,Q04791,"Fatty acyl-CoA hydrolase precursor, medium chain",False,NOVEL,1,BG|sp|Q04791|SASB_ANAPL
BG|tr|A0A1J6I6H9|A0A1J6I6H9_9HYPH,bg_esterase.fasta,201,UniRef90_H2ESQ9,PYR,423.0,0.0,423.0,True,0.782,A0A1J6I6H9,Esterase,False,HOMOLOG-OF-CANON,1,BG|tr|A0A1J6I6H9|A0A1J6I6H9_9HYPH
