db_id,slice,candidate_class,family_profile,rep_id,uniprot_acc,source,length,score,neg_score,margin,novelty_jaccard_vs_canon,motif_check,gate3_verdict,cluster_size,annotation,evidence_refs
UDB-PES-D5G3D4,pesticides,PYR,FAMX:PYR:INSECT_CE,BG|tr|D5G3D4|D5G3D4_HELAM,D5G3D4,bg_euk_ce.fasta,750,1556.9,0.0,1556.9,0.244,gxsxg=True,NOVEL,3,Carboxylesterase,pesticides/results/vetted_candidates_v2.csv
UDB-PES-S4WFZ6,pesticides,PYR,FAMX:PYR:INSECT_CE,BG|tr|S4WFZ6|S4WFZ6_HELAM,S4WFZ6,bg_euk_ce.fasta,725,1547.8,0.0,1547.8,0.238,gxsxg=True,NOVEL,1,Carboxylesterase,pesticides/results/vetted_candidates_v2.csv
UDB-PES-O46421,pesticides,PYR,UniRef90_P23141,BG|sp|O46421|EST1_MACFA,O46421,bg_euk_ce.fasta,566,1217.7,0.0,1217.7,0.688,gxsxg=True,HOMOLOG-OF-CANON,1,Liver carboxylesterase 1,pesticides/results/vetted_candidates_v2.csv
UDB-PES-A0A673HTT1,pesticides,PYR,FAMX:PYR:MAMM_CES,BG|tr|A0A673HTT1|A0A673HTT1_9TELE,A0A673HTT1,bg_euk_ce.fasta,733,1158.3,0.0,1158.3,0.142,gxsxg=True,NOVEL,2,Carboxylesterase,pesticides/results/vetted_candidates_v2.csv
UDB-PES-A0A672QMK1,pesticides,PYR,FAMX:PYR:MAMM_CES,BG|tr|A0A672QMK1|A0A672QMK1_SINGR,A0A672QMK1,bg_euk_ce.fasta,798,1145.8,0.0,1145.8,0.146,gxsxg=True,NOVEL,1,Carboxylesterase,pesticides/results/vetted_candidates_v2.csv
UDB-PES-A0A673HWT7,pesticides,PYR,FAMX:PYR:MAMM_CES,BG|tr|A0A673HWT7|A0A673HWT7_9TELE,A0A673HWT7,bg_euk_ce.fasta,710,1092.7,0.0,1092.7,0.137,gxsxg=True,NOVEL,1,Carboxylesterase,pesticides/results/vetted_candidates_v2.csv
UDB-PES-A0A671QUD1,pesticides,PYR,FAMX:PYR:MAMM_CES,BG|tr|A0A671QUD1|A0A671QUD1_9TELE,A0A671QUD1,bg_euk_ce.fasta,708,1092.3,0.0,1092.3,0.144,gxsxg=True,NOVEL,1,Carboxylesterase,pesticides/results/vetted_candidates_v2.csv
UDB-PES-P12337,pesticides,PYR,UniRef90_P23141,BG|sp|P12337|EST1_RABIT,P12337,bg_euk_ce.fasta,565,1078.4,0.0,1078.4,0.45,gxsxg=True,NOVEL,1,Liver carboxylesterase 1,pesticides/results/vetted_candidates_v2.csv
UDB-PES-A0A341AGR4,pesticides,PYR,FAMX:PYR:MAMM_CES,BG|tr|A0A341AGR4|A0A341AGR4_NEOAA,A0A341AGR4,bg_euk_ce.fasta,735,1000.5,0.0,1000.5,0.305,gxsxg=True,NOVEL,2,Carboxylesterase,pesticides/results/vetted_candidates_v2.csv
UDB-PES-A0ACM7EA91,pesticides,PYR,FAMX:PYR:MAMM_CES,BG|tr|A0ACM7EA91|A0ACM7EA91_TURTR,A0ACM7EA91,bg_euk_ce.fasta,731,994.4,0.0,994.4,0.304,gxsxg=True,NOVEL,4,Carboxylesterase,pesticides/results/vetted_candidates_v2.csv
UDB-PES-A0ACM7EAA1,pesticides,PYR,FAMX:PYR:MAMM_CES,BG|tr|A0ACM7EAA1|A0ACM7EAA1_TURTR,A0ACM7EAA1,bg_euk_ce.fasta,727,994.4,0.0,994.4,0.301,gxsxg=True,NOVEL,1,Carboxylesterase,pesticides/results/vetted_candidates_v2.csv
UDB-PES-A0AAD1THP5,pesticides,PYR,FAMX:PYR:MAMM_CES,BG|tr|A0AAD1THP5|A0AAD1THP5_PELCU,A0AAD1THP5,bg_euk_ce.fasta,777,982.1,0.0,982.1,0.15,gxsxg=True,NOVEL,1,Carboxylesterase,pesticides/results/vetted_candidates_v2.csv
UDB-PES-A0A286XCP4,pesticides,PYR,FAMX:PYR:MAMM_CES,BG|tr|A0A286XCP4|A0A286XCP4_CAVPO,A0A286XCP4,bg_euk_ce.fasta,792,958.9,0.0,958.9,0.295,gxsxg=True,NOVEL,1,Carboxylesterase,pesticides/results/vetted_candidates_v2.csv
UDB-PES-Q91WG0,pesticides,PYR,FAMX:PYR:MAMM_CES,BG|sp|Q91WG0|EST2C_MOUSE,Q91WG0,bg_euk_ce.fasta,561,956.5,0.0,956.5,0.415,gxsxg=True,NOVEL,1,Acylcarnitine hydrolase,pesticides/results/vetted_candidates_v2.csv
UDB-PES-A0A8S4BF92,pesticides,PYR,FAMX:PYR:MAMM_CES,BG|tr|A0A8S4BF92|A0A8S4BF92_9TELE,A0A8S4BF92,bg_euk_ce.fasta,735,951.2,0.0,951.2,0.135,gxsxg=True,NOVEL,1,Carboxylesterase,pesticides/results/vetted_candidates_v2.csv
UDB-PES-O70631,pesticides,PYR,FAMX:PYR:MAMM_CES,BG|sp|O70631|EST2C_RAT,O70631,bg_euk_ce.fasta,561,939.1,0.0,939.1,0.366,gxsxg=True,NOVEL,1,Acylcarnitine hydrolase,pesticides/results/vetted_candidates_v2.csv
UDB-PES-P16303,pesticides,PYR,FAMX:PYR:MAMM_CES,BG|sp|P16303|EST1D_RAT,P16303,bg_euk_ce.fasta,565,937.9,0.0,937.9,0.396,gxsxg=True,NOVEL,1,Carboxylesterase 1D,pesticides/results/vetted_candidates_v2.csv
UDB-PES-Q8VCT4,pesticides,PYR,FAMX:PYR:MAMM_CES,BG|sp|Q8VCT4|EST1D_MOUSE,Q8VCT4,bg_euk_ce.fasta,565,932.6,0.0,932.6,0.421,gxsxg=True,NOVEL,1,Carboxylesterase 1D,pesticides/results/vetted_candidates_v2.csv
UDB-PES-P14943,pesticides,PYR,FAMX:PYR:MAMM_CES,BG|sp|P14943|EST2_RABIT,P14943,bg_euk_ce.fasta,532,924.1,0.0,924.1,0.308,gxsxg=True,NOVEL,1,Cocaine esterase,pesticides/results/vetted_candidates_v2.csv
UDB-PES-Q29550,pesticides,PYR,FAMX:PYR:MAMM_CES,BG|sp|Q29550|EST1_PIG,Q29550,bg_euk_ce.fasta,566,922.3,0.0,922.3,0.392,gxsxg=True,NOVEL,1,Liver carboxylesterase,pesticides/results/vetted_candidates_v2.csv
UDB-PES-Q64419,pesticides,PYR,FAMX:PYR:MAMM_CES,BG|sp|Q64419|EST1_MESAU,Q64419,bg_euk_ce.fasta,561,917.0,0.0,917.0,0.375,gxsxg=True,NOVEL,1,Liver carboxylesterase,pesticides/results/vetted_candidates_v2.csv
UDB-PES-P10959,pesticides,PYR,FAMX:PYR:MAMM_CES,BG|sp|P10959|EST1C_RAT,P10959,bg_euk_ce.fasta,549,916.9,0.0,916.9,0.326,gxsxg=True,NOVEL,1,Carboxylesterase 1C,pesticides/results/vetted_candidates_v2.csv
UDB-PES-Q64176,pesticides,PYR,FAMX:PYR:MAMM_CES,BG|sp|Q64176|EST1E_MOUSE,Q64176,bg_euk_ce.fasta,562,915.4,0.0,915.4,0.368,gxsxg=True,NOVEL,1,Carboxylesterase 1E,pesticides/results/vetted_candidates_v2.csv
UDB-PES-Q63108,pesticides,PYR,FAMX:PYR:MAMM_CES,BG|sp|Q63108|EST1E_RAT,Q63108,bg_euk_ce.fasta,561,914.9,0.0,914.9,0.366,gxsxg=True,NOVEL,1,Carboxylesterase 1E,pesticides/results/vetted_candidates_v2.csv
UDB-PES-Q8VCC2,pesticides,PYR,FAMX:PYR:MAMM_CES,BG|sp|Q8VCC2|EST1_MOUSE,Q8VCC2,bg_euk_ce.fasta,565,907.4,0.0,907.4,0.371,gxsxg=True,NOVEL,1,Liver carboxylesterase 1,pesticides/results/vetted_candidates_v2.csv
UDB-PES-Q64573,pesticides,PYR,FAMX:PYR:MAMM_CES,BG|sp|Q64573|EST1F_RAT,Q64573,bg_euk_ce.fasta,561,896.9,0.0,896.9,0.292,gxsxg=True,NOVEL,1,Liver carboxylesterase 1F,pesticides/results/vetted_candidates_v2.csv
UDB-PES-E9PYP1,pesticides,PYR,FAMX:PYR:MAMM_CES,BG|tr|E9PYP1|E9PYP1_MOUSE,E9PYP1,bg_euk_ce.fasta,563,895.6,0.0,895.6,0.333,gxsxg=True,NOVEL,1,Carboxylic ester hydrolase,pesticides/results/vetted_candidates_v2.csv
UDB-PES-A0ACM7EAF6,pesticides,PYR,FAMX:PYR:MAMM_CES,BG|tr|A0ACM7EAF6|A0ACM7EAF6_TURTR,A0ACM7EAF6,bg_euk_ce.fasta,705,895.1,0.0,895.1,0.271,gxsxg=True,NOVEL,1,Carboxylesterase,pesticides/results/vetted_candidates_v2.csv
UDB-PES-A0A3B3VUB2,pesticides,PYR,FAMX:PYR:MAMM_CES,BG|tr|A0A3B3VUB2|A0A3B3VUB2_9TELE,A0A3B3VUB2,bg_euk_ce.fasta,735,891.7,0.0,891.7,0.13,gxsxg=True,NOVEL,1,Carboxylesterase,pesticides/results/vetted_candidates_v2.csv
UDB-PES-P23953,pesticides,PYR,FAMX:PYR:MAMM_CES,BG|sp|P23953|EST1C_MOUSE,P23953,bg_euk_ce.fasta,554,888.9,0.0,888.9,0.286,gxsxg=True,NOVEL,1,Carboxylesterase 1C,pesticides/results/vetted_candidates_v2.csv
UDB-PES-Q63010,pesticides,PYR,FAMX:PYR:MAMM_CES,BG|sp|Q63010|EST5_RAT,Q63010,bg_euk_ce.fasta,561,884.4,0.0,884.4,0.286,gxsxg=True,NOVEL,1,Liver carboxylesterase B-1,pesticides/results/vetted_candidates_v2.csv
UDB-PES-Q91WU0,pesticides,PYR,FAMX:PYR:MAMM_CES,BG|sp|Q91WU0|EST1F_MOUSE,Q91WU0,bg_euk_ce.fasta,561,871.6,0.0,871.6,0.299,gxsxg=True,NOVEL,1,Carboxylesterase 1F,pesticides/results/vetted_candidates_v2.csv
UDB-PES-G1SDM4,pesticides,PYR,FAMX:PYR:MAMM_CES,BG|tr|G1SDM4|G1SDM4_RABIT,G1SDM4,bg_euk_ce.fasta,593,855.7,0.0,855.7,0.289,gxsxg=False,NOVEL,1,carboxylesterase,pesticides/results/vetted_candidates_v2.csv
UDB-PES-A0A5C6P9S0,pesticides,PYR,FAMX:PYR:MAMM_CES,BG|tr|A0A5C6P9S0|A0A5C6P9S0_9TELE,A0A5C6P9S0,bg_euk_ce.fasta,754,846.9,0.0,846.9,0.129,gxsxg=True,NOVEL,1,Carboxylesterase,pesticides/results/vetted_candidates_v2.csv
UDB-PES-A0A287A8N2,pesticides,PYR,FAMX:PYR:MAMM_CES,BG|tr|A0A287A8N2|A0A287A8N2_PIG,A0A287A8N2,bg_euk_ce.fasta,558,823.6,0.0,823.6,0.352,gxsxg=False,NOVEL,1,Carboxylesterase 1,pesticides/results/vetted_candidates_v2.csv
UDB-PES-A0ACM7EAA2,pesticides,PYR,FAMX:PYR:MAMM_CES,BG|tr|A0ACM7EAA2|A0ACM7EAA2_TURTR,A0ACM7EAA2,bg_euk_ce.fasta,781,777.4,0.0,777.4,0.252,gxsxg=True,NOVEL,1,Carboxylesterase,pesticides/results/vetted_candidates_v2.csv
UDB-PES-Q04791,pesticides,PYR,FAMX:PYR:MAMM_CES,BG|sp|Q04791|SASB_ANAPL,Q04791,bg_euk_ce.fasta,557,773.2,0.0,773.2,0.175,gxsxg=True,NOVEL,1,"Fatty acyl-CoA hydrolase precursor, medium chain",pesticides/results/vetted_candidates_v2.csv
UDB-PES-A0A1J6I6H9,pesticides,PYR,UniRef90_H2ESQ9,BG|tr|A0A1J6I6H9|A0A1J6I6H9_9HYPH,A0A1J6I6H9,bg_esterase.fasta,201,423.0,0.0,423.0,0.782,gxsxg=True,HOMOLOG-OF-CANON,1,Esterase,pesticides/results/vetted_candidates_v2.csv
UDB-IND-C001,industrial,RHD,BG,BG|tr|Q75W73|Q75W73_9HYPH,Q75W73,bg_rieske_oxy.fasta,,777.1,,777.1,0.203,rieske=True,NOVEL,1,,industrial/results/vetted_candidates.csv
UDB-IND-C002,industrial,RHD,BG,BG|tr|A0ABV0HMU8|A0ABV0HMU8_9ENTR,A0ABV0HMU8,bg_rieske_oxy.fasta,,576.8,,576.8,0.752,rieske=True,HOMOLOG-OF-CANON,1,,industrial/results/vetted_candidates.csv
UDB-IND-C003,industrial,RHD,BG,BG|tr|A0A149PFH2|A0A149PFH2_9BURK,A0A149PFH2,bg_rieske_oxy.fasta,,564.6,,564.6,0.059,rieske=True,NOVEL,1,,industrial/results/vetted_candidates.csv
UDB-IND-C004,industrial,RHD,BG,BG|tr|A0ABR9P133|A0ABR9P133_9ACTN,A0ABR9P133,bg_rieske_oxy.fasta,,562.3,,562.3,0.128,rieske=True,NOVEL,1,,industrial/results/vetted_candidates.csv
UDB-IND-C005,industrial,RHD,BG,BG|tr|A0AA37H9X9|A0AA37H9X9_9HYPH,A0AA37H9X9,bg_rieske_oxy.fasta,,562.3,,562.3,0.055,rieske=True,NOVEL,1,,industrial/results/vetted_candidates.csv
UDB-IND-C006,industrial,RHD,BG,BG|tr|A0ABT1QJY3|A0ABT1QJY3_9NOCA,A0ABT1QJY3,bg_rieske_oxy.fasta,,558.4,,558.4,0.057,rieske=True,NOVEL,1,,industrial/results/vetted_candidates.csv
UDB-IND-C007,industrial,RHD,BG,BG|tr|A0A238K6P7|A0A238K6P7_9RHOB,A0A238K6P7,bg_rieske_oxy.fasta,,558.0,,558.0,0.062,rieske=True,NOVEL,1,,industrial/results/vetted_candidates.csv
UDB-IND-C008,industrial,RHD,BG,BG|tr|A0A076NQM4|A0A076NQM4_9CORY,A0A076NQM4,bg_rieske_oxy.fasta,,557.1,,557.1,0.108,rieske=True,NOVEL,1,,industrial/results/vetted_candidates.csv
UDB-IND-C009,industrial,RHD,BG,BG|tr|A0A3N6MW60|A0A3N6MW60_9BURK,A0A3N6MW60,bg_rieske_oxy.fasta,,556.4,,556.4,0.454,rieske=True,NOVEL,1,,industrial/results/vetted_candidates.csv
UDB-IND-C010,industrial,RHD,BG,BG|tr|A0A4P8HLQ0|A0A4P8HLQ0_9BURK,A0A4P8HLQ0,bg_rieske_oxy.fasta,,556.2,,556.2,0.052,rieske=True,NOVEL,1,,industrial/results/vetted_candidates.csv
UDB-IND-C011,industrial,RHD,BG,BG|tr|A0A1M4V8D6|A0A1M4V8D6_9GAMM,A0A1M4V8D6,bg_rieske_oxy.fasta,,554.7,,554.7,0.051,rieske=True,NOVEL,1,,industrial/results/vetted_candidates.csv
UDB-IND-C012,industrial,RHD,BG,BG|tr|A0ABQ2DPT0|A0ABQ2DPT0_9MICC,A0ABQ2DPT0,bg_rieske_oxy.fasta,,554.2,,554.2,0.055,rieske=True,NOVEL,2,,industrial/results/vetted_candidates.csv
UDB-IND-C013,industrial,RHD,BG,BG|tr|A0A101UVV8|A0A101UVV8_9ACTN,A0A101UVV8,bg_rieske_oxy.fasta,,554.0,,554.0,0.127,rieske=True,NOVEL,1,,industrial/results/vetted_candidates.csv
UDB-IND-C014,industrial,RHD,BG,BG|tr|A0A059ZN19|A0A059ZN19_ACIBA,A0A059ZN19,bg_rieske_oxy.fasta,,553.9,,553.9,0.055,rieske=True,NOVEL,1,,industrial/results/vetted_candidates.csv
UDB-IND-C015,industrial,RHD,BG,BG|tr|A0ABP8PRI8|A0ABP8PRI8_9NOCA,A0ABP8PRI8,bg_rieske_oxy.fasta,,553.9,,553.9,0.056,rieske=True,NOVEL,1,,industrial/results/vetted_candidates.csv
UDB-IND-C016,industrial,RHD,BG,BG|tr|A0A1H2MWH9|A0A1H2MWH9_9PSED,A0A1H2MWH9,bg_rieske_oxy.fasta,,553.8,,553.8,0.052,rieske=True,NOVEL,1,,industrial/results/vetted_candidates.csv
UDB-IND-C017,industrial,RHD,BG,BG|tr|A0A438BKP0|A0A438BKP0_9NOCA,A0A438BKP0,bg_rieske_oxy.fasta,,552.0,,552.0,0.109,rieske=True,NOVEL,1,,industrial/results/vetted_candidates.csv
UDB-IND-C018,industrial,RHD,BG,BG|tr|Q2T826|Q2T826_BURTA,Q2T826,bg_rieske_oxy.fasta,,551.9,,551.9,0.056,rieske=True,NOVEL,1,,industrial/results/vetted_candidates.csv
UDB-IND-C019,industrial,RHD,BG,BG|tr|A0ABM7PXD5|A0ABM7PXD5_SINCY,A0ABM7PXD5,bg_rieske_oxy.fasta,,560.8,,549.3,0.07,rieske=True,NOVEL,1,,industrial/results/vetted_candidates.csv
UDB-IND-C020,industrial,RHD,BG,BG|tr|A0A939GY85|A0A939GY85_9BURK,A0A939GY85,bg_rieske_oxy.fasta,,548.3,,548.3,0.051,rieske=True,NOVEL,1,,industrial/results/vetted_candidates.csv
UDB-IND-C021,industrial,RHD,BG,BG|tr|Q9I0W4|Q9I0W4_PSEAE,Q9I0W4,bg_rieske_oxy.fasta,,547.9,,547.9,0.054,rieske=True,NOVEL,1,,industrial/results/vetted_candidates.csv
UDB-IND-C022,industrial,RHD,BG,BG|tr|A0AAW5HU82|A0AAW5HU82_9CORY,A0AAW5HU82,bg_rieske_oxy.fasta,,546.0,,546.0,0.11,rieske=True,NOVEL,1,,industrial/results/vetted_candidates.csv
UDB-IND-C023,industrial,RHD,BG,BG|tr|A0A1V2DTW8|A0A1V2DTW8_9GAMM,A0A1V2DTW8,bg_rieske_oxy.fasta,,538.5,,538.5,0.061,rieske=True,NOVEL,1,,industrial/results/vetted_candidates.csv
UDB-IND-C024,industrial,RHD,BG,BG|tr|A0A2N7UJ67|A0A2N7UJ67_9GAMM,A0A2N7UJ67,bg_rieske_oxy.fasta,,538.3,,538.3,0.067,rieske=True,NOVEL,1,,industrial/results/vetted_candidates.csv
UDB-IND-C025,industrial,RHD,BG,BG|tr|A0ABY1FKU2|A0ABY1FKU2_9GAMM,A0ABY1FKU2,bg_rieske_oxy.fasta,,537.4,,537.4,0.068,rieske=True,NOVEL,1,,industrial/results/vetted_candidates.csv
UDB-IND-C026,industrial,RHD,BG,BG|tr|A0A3P8JKU4|A0A3P8JKU4_KLETE,A0A3P8JKU4,bg_rieske_oxy.fasta,,536.4,,536.4,0.067,rieske=True,NOVEL,1,,industrial/results/vetted_candidates.csv
UDB-IND-C027,industrial,RHD,BG,BG|tr|A0A2N0H3Q6|A0A2N0H3Q6_9SPHN,A0A2N0H3Q6,bg_rieske_oxy.fasta,,535.3,,535.3,0.076,rieske=True,NOVEL,2,,industrial/results/vetted_candidates.csv
UDB-IND-C028,industrial,RHD,BG,BG|tr|A0A846TNL6|A0A846TNL6_9MICC,A0A846TNL6,bg_rieske_oxy.fasta,,530.7,,530.7,0.059,rieske=True,NOVEL,1,,industrial/results/vetted_candidates.csv
UDB-IND-C029,industrial,RHD,BG,BG|tr|A0A9Q9SNG1|A0A9Q9SNG1_9BURK,A0A9Q9SNG1,bg_rieske_oxy.fasta,,530.5,,530.5,0.058,rieske=True,NOVEL,1,,industrial/results/vetted_candidates.csv
UDB-IND-C030,industrial,RHD,BG,BG|tr|A0ABW2HF70|A0ABW2HF70_9MICO,A0ABW2HF70,bg_rieske_oxy.fasta,,525.3,,525.3,0.097,rieske=True,NOVEL,1,,industrial/results/vetted_candidates.csv
UDB-IND-C031,industrial,RHD,BG,BG|tr|A0A5D0UJA8|A0A5D0UJA8_9ACTN,A0A5D0UJA8,bg_rieske_oxy.fasta,,519.9,,519.9,0.096,rieske=True,NOVEL,1,,industrial/results/vetted_candidates.csv
UDB-IND-C032,industrial,RHD,BG,BG|tr|Q934B6|Q934B6_RHOJR,Q934B6,bg_rieske_oxy.fasta,,518.1,,518.1,0.081,rieske=True,NOVEL,1,,industrial/results/vetted_candidates.csv
UDB-IND-C033,industrial,RHD,BG,BG|tr|A0A2K2G0K4|A0A2K2G0K4_9SPHN,A0A2K2G0K4,bg_rieske_oxy.fasta,,505.1,,505.1,0.102,rieske=True,NOVEL,1,,industrial/results/vetted_candidates.csv
UDB-IND-C034,industrial,RHD,BG,BG|tr|A0A562KKN7|A0A562KKN7_SPHWJ,A0A562KKN7,bg_rieske_oxy.fasta,,492.4,,492.4,0.095,rieske=True,NOVEL,1,,industrial/results/vetted_candidates.csv
UDB-IND-C035,industrial,RHD,BG,BG|tr|A0ABW2S4T9|A0ABW2S4T9_9NOCA,A0ABW2S4T9,bg_rieske_oxy.fasta,,490.3,,490.3,0.107,rieske=True,NOVEL,1,,industrial/results/vetted_candidates.csv
UDB-IND-C036,industrial,RHD,BG,BG|tr|A0ABW3VT00|A0ABW3VT00_9PSEU,A0ABW3VT00,bg_rieske_oxy.fasta,,486.0,,486.0,0.09,rieske=True,NOVEL,1,,industrial/results/vetted_candidates.csv
UDB-IND-C037,industrial,RHD,BG,BG|tr|A0A0B1ZUU5|A0A0B1ZUU5_9SPHN,A0A0B1ZUU5,bg_rieske_oxy.fasta,,477.8,,477.8,0.115,rieske=True,NOVEL,1,,industrial/results/vetted_candidates.csv
UDB-IND-C038,industrial,RHD,BG,BG|tr|A0ABY1QWW5|A0ABY1QWW5_9SPHN,A0ABY1QWW5,bg_rieske_oxy.fasta,,477.3,,477.3,0.062,rieske=True,NOVEL,1,,industrial/results/vetted_candidates.csv
UDB-IND-C039,industrial,RHD,BG,BG|tr|A0ABW0G974|A0ABW0G974_9PROT,A0ABW0G974,bg_rieske_oxy.fasta,,471.5,,471.5,0.082,rieske=True,NOVEL,1,,industrial/results/vetted_candidates.csv
UDB-IND-C040,industrial,RHD,BG,BG|tr|I0CL65|I0CL65_9BACT,I0CL65,bg_rieske_oxy.fasta,,467.9,,467.9,0.075,rieske=True,NOVEL,1,,industrial/results/vetted_candidates.csv
UDB-IND-C041,industrial,RHD,BG,BG|tr|A0A852VY74|A0A852VY74_PSEA5,A0A852VY74,bg_rieske_oxy.fasta,,467.4,,467.4,0.07,rieske=True,NOVEL,1,,industrial/results/vetted_candidates.csv
UDB-IND-C042,industrial,RHD,BG,BG|tr|A0A1H6J885|A0A1H6J885_MYCRU,A0A1H6J885,bg_rieske_oxy.fasta,,466.7,,466.7,0.077,rieske=True,NOVEL,1,,industrial/results/vetted_candidates.csv
UDB-IND-C043,industrial,RHD,BG,BG|tr|A0ABX8UE68|A0ABX8UE68_9ACTN,A0ABX8UE68,bg_rieske_oxy.fasta,,460.9,,460.9,0.084,rieske=True,NOVEL,1,,industrial/results/vetted_candidates.csv
UDB-IND-C044,industrial,RHD,BG,BG|tr|A0ABV2WR00|A0ABV2WR00_9NOCA,A0ABV2WR00,bg_rieske_oxy.fasta,,457.9,,457.9,0.076,rieske=True,NOVEL,1,,industrial/results/vetted_candidates.csv
UDB-IND-C045,industrial,RHD,BG,BG|tr|A0A934UTS5|A0A934UTS5_9MICO,A0A934UTS5,bg_rieske_oxy.fasta,,457.8,,457.8,0.083,rieske=True,NOVEL,1,,industrial/results/vetted_candidates.csv
UDB-IND-C046,industrial,RHD,BG,BG|tr|A0ABQ0KRX9|A0ABQ0KRX9_MYCNV,A0ABQ0KRX9,bg_rieske_oxy.fasta,,457.3,,457.3,0.081,rieske=True,NOVEL,1,,industrial/results/vetted_candidates.csv
UDB-IND-C047,industrial,RHD,BG,BG|tr|A0ABQ1BL04|A0ABQ1BL04_9MYCO,A0ABQ1BL04,bg_rieske_oxy.fasta,,448.2,,448.2,0.073,rieske=True,NOVEL,1,,industrial/results/vetted_candidates.csv
UDB-IND-C048,industrial,RHD,BG,BG|tr|A0ABN6ISY1|A0ABN6ISY1_9MYCO,A0ABN6ISY1,bg_rieske_oxy.fasta,,446.0,,446.0,0.066,rieske=True,NOVEL,1,,industrial/results/vetted_candidates.csv
UDB-IND-C049,industrial,RHD,BG,BG|tr|A0A1I5PX20|A0A1I5PX20_9GAMM,A0A1I5PX20,bg_rieske_oxy.fasta,,445.5,,445.5,0.057,rieske=True,NOVEL,1,,industrial/results/vetted_candidates.csv
UDB-IND-C050,industrial,HLD,BG,BG|tr|A0ABP7MVV7|A0ABP7MVV7_9GAMM,A0ABP7MVV7,bg_dehalogenase_like.fasta,,443.0,,443.0,0.135,rieske=,NOVEL,1,,industrial/results/vetted_candidates.csv
UDB-IND-C051,industrial,RHD,BG,BG|tr|A0A064CBC8|A0A064CBC8_9MYCO,A0A064CBC8,bg_rieske_oxy.fasta,,428.7,,428.7,0.077,rieske=True,NOVEL,1,,industrial/results/vetted_candidates.csv
UDB-IND-C052,industrial,HLD,BG,BG|tr|A0A2M9YN64|A0A2M9YN64_9LEPT,A0A2M9YN64,bg_dehalogenase_like.fasta,,422.5,,422.5,0.147,rieske=,NOVEL,1,,industrial/results/vetted_candidates.csv
UDB-IND-C053,industrial,RHD,BG,BG|tr|A0A2U1K4Q3|A0A2U1K4Q3_9BACI,A0A2U1K4Q3,bg_rieske_oxy.fasta,,421.2,,421.2,0.061,rieske=True,NOVEL,1,,industrial/results/vetted_candidates.csv
UDB-IND-C054,industrial,RHD,BG,BG|tr|A0A7K0CKW3|A0A7K0CKW3_9ACTN,A0A7K0CKW3,bg_rieske_oxy.fasta,,413.7,,413.7,0.085,rieske=True,NOVEL,1,,industrial/results/vetted_candidates.csv
UDB-IND-C055,industrial,HLD,BG,BG|tr|A0A543IBY3|A0A543IBY3_9ACTN,A0A543IBY3,bg_dehalogenase_like.fasta,,407.3,,407.3,0.173,rieske=,NOVEL,1,,industrial/results/vetted_candidates.csv
UDB-IND-C056,industrial,HLD,MGYG000490812,MGYG000490812|MGYG000490812_01835,,mgnify:MGYG000490812,,404.8,,404.8,0.161,rieske=,NOVEL,1,,industrial/results/vetted_candidates.csv
UDB-IND-C057,industrial,HLD,BG,BG|tr|A0A1X1ZSA7|A0A1X1ZSA7_9MYCO,A0A1X1ZSA7,bg_dehalogenase_like.fasta,,401.8,,401.8,0.156,rieske=,NOVEL,1,,industrial/results/vetted_candidates.csv
UDB-IND-C058,industrial,HLD,MGYG000490814,MGYG000490814|MGYG000490814_02176,,mgnify:MGYG000490814,,395.5,,395.5,0.184,rieske=,NOVEL,1,,industrial/results/vetted_candidates.csv
UDB-IND-C059,industrial,RHD,BG,BG|tr|A0A418MWQ9|A0A418MWQ9_9ACTN,A0A418MWQ9,bg_rieske_oxy.fasta,,391.9,,391.9,0.067,rieske=True,NOVEL,1,,industrial/results/vetted_candidates.csv
UDB-IND-C060,industrial,HLD,BG,BG|tr|A0ABV8I7J0|A0ABV8I7J0_9ACTN,A0ABV8I7J0,bg_dehalogenase_like.fasta,,382.2,,382.2,0.173,rieske=,NOVEL,1,,industrial/results/vetted_candidates.csv
UDB-IND-C061,industrial,RHD,BG,BG|tr|A0AA35W3E7|A0AA35W3E7_GEOBA,A0AA35W3E7,bg_rieske_oxy.fasta,,381.8,,381.8,0.074,rieske=True,NOVEL,1,,industrial/results/vetted_candidates.csv
UDB-IND-C062,industrial,HLD,BG,BG|tr|M0M069|M0M069_9EURY,M0M069,bg_dehalogenase_like.fasta,,381.3,,381.3,0.112,rieske=,NOVEL,1,,industrial/results/vetted_candidates.csv
UDB-IND-C063,industrial,RHD,BG,BG|tr|Q2T811|Q2T811_BURTA,Q2T811,bg_rieske_oxy.fasta,,379.0,,379.0,0.058,rieske=True,NOVEL,1,,industrial/results/vetted_candidates.csv
UDB-IND-C064,industrial,RHD,BG,BG|tr|A0A323UVE5|A0A323UVE5_9RHOO,A0A323UVE5,bg_rieske_oxy.fasta,,377.3,,377.3,0.062,rieske=True,NOVEL,1,,industrial/results/vetted_candidates.csv
UDB-IND-C065,industrial,RHD,BG,BG|tr|A0ACG4YXW2|A0ACG4YXW2_CUPNE,A0ACG4YXW2,bg_rieske_oxy.fasta,,363.5,,363.5,0.054,rieske=True,NOVEL,1,,industrial/results/vetted_candidates.csv
UDB-IND-C066,industrial,RHD,BG,BG|tr|A0A1I3Z5K6|A0A1I3Z5K6_9PROT,A0A1I3Z5K6,bg_rieske_oxy.fasta,,362.2,,362.2,0.056,rieske=True,NOVEL,1,,industrial/results/vetted_candidates.csv
UDB-IND-C067,industrial,RHD,BG,BG|tr|A0A0G3YZ83|A0A0G3YZ83_9BURK,A0A0G3YZ83,bg_rieske_oxy.fasta,,362.1,,362.1,0.07,rieske=True,NOVEL,2,,industrial/results/vetted_candidates.csv
UDB-IND-C068,industrial,RHD,BG,BG|tr|A0A917VXE9|A0A917VXE9_9NOCA,A0A917VXE9,bg_rieske_oxy.fasta,,358.1,,358.1,0.075,rieske=True,NOVEL,1,,industrial/results/vetted_candidates.csv
UDB-IND-C069,industrial,RHD,BG,BG|tr|A0A0U1DPB4|A0A0U1DPB4_9MYCO,A0A0U1DPB4,bg_rieske_oxy.fasta,,357.6,,357.6,0.067,rieske=True,NOVEL,1,,industrial/results/vetted_candidates.csv
UDB-IND-C070,industrial,RHD,BG,BG|tr|A0ABR9L1Z8|A0ABR9L1Z8_9PSEU,A0ABR9L1Z8,bg_rieske_oxy.fasta,,357.4,,357.4,0.059,rieske=True,NOVEL,1,,industrial/results/vetted_candidates.csv
UDB-IND-C071,industrial,RHD,BG,BG|tr|A0A1I4UCI6|A0A1I4UCI6_PSUAM,A0A1I4UCI6,bg_rieske_oxy.fasta,,357.2,,357.2,0.064,rieske=True,NOVEL,1,,industrial/results/vetted_candidates.csv
UDB-IND-C072,industrial,RHD,BG,BG|tr|G6YS28|G6YS28_9GAMM,G6YS28,bg_rieske_oxy.fasta,,354.6,,354.6,0.069,rieske=True,NOVEL,1,,industrial/results/vetted_candidates.csv
UDB-IND-C073,industrial,RHD,BG,BG|tr|A0A1B1YVA2|A0A1B1YVA2_9GAMM,A0A1B1YVA2,bg_rieske_oxy.fasta,,354.0,,354.0,0.07,rieske=True,NOVEL,1,,industrial/results/vetted_candidates.csv
UDB-IND-C074,industrial,RHD,BG,BG|tr|X0PQG0|X0PQG0_RHOWR,X0PQG0,bg_rieske_oxy.fasta,,351.5,,351.5,0.074,rieske=True,NOVEL,1,,industrial/results/vetted_candidates.csv
UDB-IND-C075,industrial,RHD,BG,BG|tr|A0A2T5HUT9|A0A2T5HUT9_9RHOB,A0A2T5HUT9,bg_rieske_oxy.fasta,,351.2,,351.2,0.055,rieske=True,NOVEL,1,,industrial/results/vetted_candidates.csv
UDB-IND-C076,industrial,RHD,BG,BG|tr|A0A2S2FE04|A0A2S2FE04_9GAMM,A0A2S2FE04,bg_rieske_oxy.fasta,,348.9,,348.9,0.068,rieske=True,NOVEL,1,,industrial/results/vetted_candidates.csv
UDB-IND-C077,industrial,RHD,BG,BG|tr|A0ABY8XLD9|A0ABY8XLD9_9PSEU,A0ABY8XLD9,bg_rieske_oxy.fasta,,347.9,,347.9,0.064,rieske=True,NOVEL,1,,industrial/results/vetted_candidates.csv
UDB-IND-C078,industrial,RHD,BG,BG|tr|A0ABW3FP19|A0ABW3FP19_9PSEU,A0ABW3FP19,bg_rieske_oxy.fasta,,347.6,,347.6,0.069,rieske=True,NOVEL,1,,industrial/results/vetted_candidates.csv
UDB-IND-C079,industrial,RHD,BG,BG|tr|A0A1H3HM91|A0A1H3HM91_9EURY,A0A1H3HM91,bg_rieske_oxy.fasta,,345.9,,345.9,0.081,rieske=True,NOVEL,1,,industrial/results/vetted_candidates.csv
UDB-IND-C080,industrial,RHD,BG,BG|tr|A0ABX4N2G0|A0ABX4N2G0_9MICC,A0ABX4N2G0,bg_rieske_oxy.fasta,,341.8,,341.8,0.06,rieske=True,NOVEL,1,,industrial/results/vetted_candidates.csv
UDB-IND-C081,industrial,RHD,BG,BG|tr|A0A844XGB8|A0A844XGB8_9SPHN,A0A844XGB8,bg_rieske_oxy.fasta,,338.2,,338.2,0.057,rieske=True,NOVEL,1,,industrial/results/vetted_candidates.csv
UDB-IND-C082,industrial,RHD,BG,BG|tr|A0A6J5J2U6|A0A6J5J2U6_9BURK,A0A6J5J2U6,bg_rieske_oxy.fasta,,334.4,,334.4,0.062,rieske=True,NOVEL,1,,industrial/results/vetted_candidates.csv
UDB-IND-C083,industrial,RHD,BG,BG|tr|A0ABZ1ATC9|A0ABZ1ATC9_AROEV,A0ABZ1ATC9,bg_rieske_oxy.fasta,,332.7,,332.7,0.068,rieske=True,NOVEL,1,,industrial/results/vetted_candidates.csv
UDB-IND-C084,industrial,RHD,BG,BG|tr|A0A7W6LT19|A0A7W6LT19_9SPHN,A0A7W6LT19,bg_rieske_oxy.fasta,,327.7,,327.7,0.063,rieske=True,NOVEL,1,,industrial/results/vetted_candidates.csv
UDB-IND-C085,industrial,RHD,BG,BG|tr|A0A418YP24|A0A418YP24_9SPHN,A0A418YP24,bg_rieske_oxy.fasta,,323.5,,323.5,0.053,rieske=True,NOVEL,1,,industrial/results/vetted_candidates.csv
UDB-IND-C086,industrial,HLD,BG,BG|tr|A0ABZ0HZB7|A0ABZ0HZB7_9GAMM,A0ABZ0HZB7,bg_dehalogenase_like.fasta,,321.4,,321.4,0.14,rieske=,NOVEL,1,,industrial/results/vetted_candidates.csv
UDB-IND-C087,industrial,RHD,BG,BG|tr|A0A238ZH95|A0A238ZH95_9PSEU,A0A238ZH95,bg_rieske_oxy.fasta,,320.8,,320.8,0.068,rieske=True,NOVEL,1,,industrial/results/vetted_candidates.csv
UDB-IND-C088,industrial,RHD,BG,BG|tr|A0A2S7K4H5|A0A2S7K4H5_9PROT,A0A2S7K4H5,bg_rieske_oxy.fasta,,318.5,,318.5,0.057,rieske=True,NOVEL,1,,industrial/results/vetted_candidates.csv
UDB-IND-C089,industrial,RHD,BG,BG|tr|A0ABT0CCM3|A0ABT0CCM3_THEVL,A0ABT0CCM3,bg_rieske_oxy.fasta,,304.7,,304.7,0.059,rieske=True,NOVEL,1,,industrial/results/vetted_candidates.csv
UDB-IND-C090,industrial,RHD,BG,BG|tr|A0A4R5M6S2|A0A4R5M6S2_9BURK,A0A4R5M6S2,bg_rieske_oxy.fasta,,301.6,,301.6,0.057,rieske=True,NOVEL,1,,industrial/results/vetted_candidates.csv
UDB-IND-C091,industrial,RHD,BG,BG|tr|A1K6Z5|A1K6Z5_AZOSB,A1K6Z5,bg_rieske_oxy.fasta,,301.3,,301.3,0.056,rieske=True,NOVEL,1,,industrial/results/vetted_candidates.csv
UDB-IND-C092,industrial,RHD,BG,BG|tr|A0A6S7AKK3|A0A6S7AKK3_9BURK,A0A6S7AKK3,bg_rieske_oxy.fasta,,299.1,,299.1,0.055,rieske=True,NOVEL,1,,industrial/results/vetted_candidates.csv
UDB-IND-C093,industrial,RHD,BG,BG|tr|A0ABN4JD39|A0ABN4JD39_9BURK,A0ABN4JD39,bg_rieske_oxy.fasta,,298.5,,298.5,0.047,rieske=True,NOVEL,1,,industrial/results/vetted_candidates.csv
UDB-IND-C094,industrial,RHD,BG,BG|tr|A0A431TNU0|A0A431TNU0_9BURK,A0A431TNU0,bg_rieske_oxy.fasta,,297.7,,297.7,0.055,rieske=True,NOVEL,2,,industrial/results/vetted_candidates.csv
UDB-IND-C095,industrial,RHD,BG,BG|tr|A0ACG2NG95|A0ACG2NG95_9BURK,A0ACG2NG95,bg_rieske_oxy.fasta,,296.1,,296.1,0.052,rieske=True,NOVEL,1,,industrial/results/vetted_candidates.csv
UDB-IND-C096,industrial,HLD,MGYG000518823,MGYG000518823|MGYG000518823_02897,,mgnify:MGYG000518823,,295.7,,295.7,0.138,rieske=,NOVEL,1,,industrial/results/vetted_candidates.csv
UDB-IND-C097,industrial,RHD,BG,BG|tr|A0ABY0DNZ4|A0ABY0DNZ4_9BRAD,A0ABY0DNZ4,bg_rieske_oxy.fasta,,295.2,,295.2,0.05,rieske=True,NOVEL,1,,industrial/results/vetted_candidates.csv
UDB-IND-C098,industrial,HLD,BG,BG|tr|A0ABV1MBV9|A0ABV1MBV9_9MYCO,A0ABV1MBV9,bg_dehalogenase_like.fasta,,293.6,,293.6,1.0,rieske=,HOMOLOG-OF-CANON,1,,industrial/results/vetted_candidates.csv
UDB-IND-C099,industrial,RHD,BG,BG|tr|A0A939EKD2|A0A939EKD2_9HYPH,A0A939EKD2,bg_rieske_oxy.fasta,,293.6,,293.6,0.057,rieske=True,NOVEL,1,,industrial/results/vetted_candidates.csv
UDB-IND-C100,industrial,RHD,BG,BG|tr|A0A157ZJI7|A0A157ZJI7_9BURK,A0A157ZJI7,bg_rieske_oxy.fasta,,289.2,,289.2,0.059,rieske=True,NOVEL,1,,industrial/results/vetted_candidates.csv
UDB-IND-C101,industrial,RHD,BG,BG|tr|A0ABX0GKC9|A0ABX0GKC9_9GAMM,A0ABX0GKC9,bg_rieske_oxy.fasta,,288.3,,288.3,0.065,rieske=True,NOVEL,1,,industrial/results/vetted_candidates.csv
UDB-IND-C102,industrial,RHD,BG,BG|tr|A0ABT3AJM5|A0ABT3AJM5_9RHOB,A0ABT3AJM5,bg_rieske_oxy.fasta,,284.3,,284.3,0.053,rieske=True,NOVEL,1,,industrial/results/vetted_candidates.csv
UDB-IND-C103,industrial,HLD,MGYG000490812,MGYG000490812|MGYG000490812_00491,,mgnify:MGYG000490812,,280.5,,280.5,0.134,rieske=,NOVEL,1,,industrial/results/vetted_candidates.csv
UDB-IND-C104,industrial,RHD,BG,BG|tr|A0ABS6P8V0|A0ABS6P8V0_9PSED,A0ABS6P8V0,bg_rieske_oxy.fasta,,277.4,,277.4,0.061,rieske=True,NOVEL,1,,industrial/results/vetted_candidates.csv
UDB-IND-C105,industrial,RHD,BG,BG|tr|A0A4R2CX10|A0A4R2CX10_SHIGR,A0A4R2CX10,bg_rieske_oxy.fasta,,274.0,,274.0,0.056,rieske=True,NOVEL,1,,industrial/results/vetted_candidates.csv
UDB-IND-C106,industrial,RHD,BG,BG|tr|A0A521FBF7|A0A521FBF7_9RHOB,A0A521FBF7,bg_rieske_oxy.fasta,,269.1,,269.1,0.06,rieske=True,NOVEL,1,,industrial/results/vetted_candidates.csv
UDB-IND-C107,industrial,RHD,BG,BG|tr|A0AAE3QE85|A0AAE3QE85_9HYPH,A0AAE3QE85,bg_rieske_oxy.fasta,,266.0,,266.0,0.058,rieske=True,NOVEL,2,,industrial/results/vetted_candidates.csv
UDB-IND-C108,industrial,RHD,BG,BG|tr|A0A261VVZ4|A0A261VVZ4_9BORD,A0A261VVZ4,bg_rieske_oxy.fasta,,264.8,,264.8,0.054,rieske=True,NOVEL,1,,industrial/results/vetted_candidates.csv
UDB-IND-C109,industrial,RHD,BG,BG|tr|A0A2A5KWR0|A0A2A5KWR0_9HYPH,A0A2A5KWR0,bg_rieske_oxy.fasta,,259.2,,259.2,0.056,rieske=True,NOVEL,2,,industrial/results/vetted_candidates.csv
UDB-IND-C110,industrial,RHD,BG,BG|tr|A0A7X5F1T1|A0A7X5F1T1_9HYPH,A0A7X5F1T1,bg_rieske_oxy.fasta,,258.2,,258.2,0.058,rieske=True,NOVEL,1,,industrial/results/vetted_candidates.csv
UDB-IND-C111,industrial,RHD,BG,BG|tr|A0A135HUB8|A0A135HUB8_9HYPH,A0A135HUB8,bg_rieske_oxy.fasta,,258.0,,258.0,0.054,rieske=True,NOVEL,1,,industrial/results/vetted_candidates.csv
UDB-IND-C112,industrial,RHD,BG,BG|tr|A0A2S9QCB2|A0A2S9QCB2_9HYPH,A0A2S9QCB2,bg_rieske_oxy.fasta,,256.0,,256.0,0.063,rieske=True,NOVEL,1,,industrial/results/vetted_candidates.csv
UDB-IND-C113,industrial,RHD,BG,BG|tr|A0A5C4XRF7|A0A5C4XRF7_9HYPH,A0A5C4XRF7,bg_rieske_oxy.fasta,,255.9,,255.9,0.055,rieske=True,NOVEL,2,,industrial/results/vetted_candidates.csv
UDB-IND-C114,industrial,RHD,BG,BG|tr|A0A3P4B004|A0A3P4B004_9BURK,A0A3P4B004,bg_rieske_oxy.fasta,,255.1,,255.1,0.052,rieske=True,NOVEL,1,,industrial/results/vetted_candidates.csv
UDB-IND-C115,industrial,RHD,BG,BG|tr|A0ABV7DE68|A0ABV7DE68_9HYPH,A0ABV7DE68,bg_rieske_oxy.fasta,,255.0,,255.0,0.062,rieske=True,NOVEL,1,,industrial/results/vetted_candidates.csv
UDB-IND-C116,industrial,RHD,BG,BG|tr|A0A401IXB0|A0A401IXB0_SPHXE,A0A401IXB0,bg_rieske_oxy.fasta,,252.3,,252.3,0.054,rieske=True,NOVEL,1,,industrial/results/vetted_candidates.csv
UDB-IND-C117,industrial,HLD,MGYG000490812,MGYG000490812|MGYG000490812_02541,,mgnify:MGYG000490812,,252.1,,252.1,0.115,rieske=,NOVEL,1,,industrial/results/vetted_candidates.csv
UDB-IND-C118,industrial,RHD,BG,BG|tr|A0A317MYL7|A0A317MYL7_9GAMM,A0A317MYL7,bg_rieske_oxy.fasta,,249.5,,249.5,0.055,rieske=True,NOVEL,1,,industrial/results/vetted_candidates.csv
UDB-IND-C119,industrial,RHD,BG,BG|tr|A0A1M6CY65|A0A1M6CY65_9RHOB,A0A1M6CY65,bg_rieske_oxy.fasta,,249.5,,249.5,0.061,rieske=True,NOVEL,1,,industrial/results/vetted_candidates.csv
UDB-IND-C120,industrial,RHD,BG,BG|tr|A0A3B0MB04|A0A3B0MB04_9RHOB,A0A3B0MB04,bg_rieske_oxy.fasta,,244.3,,244.3,0.058,rieske=True,NOVEL,1,,industrial/results/vetted_candidates.csv
UDB-IND-C121,industrial,RHD,BG,BG|tr|A0A502BUF7|A0A502BUF7_9HYPH,A0A502BUF7,bg_rieske_oxy.fasta,,244.2,,244.2,0.05,rieske=True,NOVEL,1,,industrial/results/vetted_candidates.csv
UDB-IND-C122,industrial,RHD,BG,BG|tr|A0A8K0XZ78|A0A8K0XZ78_9RHOB,A0A8K0XZ78,bg_rieske_oxy.fasta,,243.9,,243.9,0.059,rieske=True,NOVEL,1,,industrial/results/vetted_candidates.csv
UDB-IND-C123,industrial,RHD,BG,BG|tr|S6B2I6|S6B2I6_METRE,S6B2I6,bg_rieske_oxy.fasta,,241.6,,241.6,0.061,rieske=True,NOVEL,1,,industrial/results/vetted_candidates.csv
UDB-IND-C124,industrial,RHD,BG,BG|tr|A0AAD3RVY5|A0AAD3RVY5_9RHOB,A0AAD3RVY5,bg_rieske_oxy.fasta,,240.0,,240.0,0.054,rieske=True,NOVEL,1,,industrial/results/vetted_candidates.csv
UDB-IND-C125,industrial,RHD,BG,BG|tr|A0ABS9RYN3|A0ABS9RYN3_9GAMM,A0ABS9RYN3,bg_rieske_oxy.fasta,,238.1,,238.1,0.061,rieske=True,NOVEL,1,,industrial/results/vetted_candidates.csv
UDB-IND-C126,industrial,RHD,BG,BG|tr|A0A1A8T6A0|A0A1A8T6A0_9GAMM,A0A1A8T6A0,bg_rieske_oxy.fasta,,237.6,,237.6,0.059,rieske=True,NOVEL,1,,industrial/results/vetted_candidates.csv
UDB-IND-C127,industrial,RHD,BG,BG|tr|A0A0E3C5W0|A0A0E3C5W0_9BURK,A0A0E3C5W0,bg_rieske_oxy.fasta,,237.0,,237.0,0.064,rieske=True,NOVEL,1,,industrial/results/vetted_candidates.csv
UDB-IND-C128,industrial,RHD,BG,BG|tr|A0ABU3EER5|A0ABU3EER5_9RHOB,A0ABU3EER5,bg_rieske_oxy.fasta,,236.8,,236.8,0.057,rieske=True,NOVEL,1,,industrial/results/vetted_candidates.csv
UDB-IND-C129,industrial,RHD,BG,BG|tr|A0ABW3P1Y3|A0ABW3P1Y3_9SPHN,A0ABW3P1Y3,bg_rieske_oxy.fasta,,235.9,,235.9,0.064,rieske=True,NOVEL,1,,industrial/results/vetted_candidates.csv
UDB-IND-C130,industrial,RHD,BG,BG|tr|A0A5C4R233|A0A5C4R233_9RHOB,A0A5C4R233,bg_rieske_oxy.fasta,,232.2,,232.2,0.052,rieske=True,NOVEL,2,,industrial/results/vetted_candidates.csv
UDB-IND-C131,industrial,RHD,BG,BG|tr|A0A7W2LJT0|A0A7W2LJT0_9PSED,A0A7W2LJT0,bg_rieske_oxy.fasta,,231.5,,231.5,0.047,rieske=True,NOVEL,3,,industrial/results/vetted_candidates.csv
UDB-IND-C132,industrial,RHD,BG,BG|tr|A0AB33Z290|A0AB33Z290_9GAMM,A0AB33Z290,bg_rieske_oxy.fasta,,230.1,,230.1,0.06,rieske=True,NOVEL,1,,industrial/results/vetted_candidates.csv
UDB-IND-C133,industrial,RHD,BG,BG|tr|A0A0M3AIB6|A0A0M3AIB6_9SPHN,A0A0M3AIB6,bg_rieske_oxy.fasta,,228.2,,228.2,0.057,rieske=True,NOVEL,1,,industrial/results/vetted_candidates.csv
UDB-IND-C134,industrial,RHD,BG,BG|tr|A0AAE5TXB3|A0AAE5TXB3_9HYPH,A0AAE5TXB3,bg_rieske_oxy.fasta,,224.6,,224.6,0.062,rieske=True,NOVEL,1,,industrial/results/vetted_candidates.csv
UDB-IND-C135,industrial,RHD,BG,BG|tr|A0A7X0FAS4|A0A7X0FAS4_9HYPH,A0A7X0FAS4,bg_rieske_oxy.fasta,,223.7,,223.7,0.055,rieske=True,NOVEL,1,,industrial/results/vetted_candidates.csv
UDB-IND-C136,industrial,RHD,BG,BG|tr|A0A7Z2GS49|A0A7Z2GS49_9BURK,A0A7Z2GS49,bg_rieske_oxy.fasta,,223.5,,223.5,0.056,rieske=True,NOVEL,1,,industrial/results/vetted_candidates.csv
UDB-IND-C137,industrial,RHD,BG,BG|tr|A0A1E3R9U5|A0A1E3R9U5_MYCFV,A0A1E3R9U5,bg_rieske_oxy.fasta,,220.3,,220.3,0.064,rieske=True,NOVEL,1,,industrial/results/vetted_candidates.csv
UDB-IND-C138,industrial,RHD,BG,BG|tr|A0ABX2QGS9|A0ABX2QGS9_9HYPH,A0ABX2QGS9,bg_rieske_oxy.fasta,,218.6,,218.6,0.056,rieske=True,NOVEL,1,,industrial/results/vetted_candidates.csv
UDB-IND-C139,industrial,RHD,BG,BG|tr|A0A512AES0|A0A512AES0_9SPHN,A0A512AES0,bg_rieske_oxy.fasta,,218.3,,218.3,0.05,rieske=True,NOVEL,1,,industrial/results/vetted_candidates.csv
UDB-IND-C140,industrial,RHD,BG,BG|tr|A0A1H5Z4D5|A0A1H5Z4D5_9HYPH,A0A1H5Z4D5,bg_rieske_oxy.fasta,,216.9,,216.9,0.059,rieske=True,NOVEL,1,,industrial/results/vetted_candidates.csv
UDB-IND-C141,industrial,RHD,BG,BG|tr|A0ABZ2U2V7|A0ABZ2U2V7_9ACTN,A0ABZ2U2V7,bg_rieske_oxy.fasta,,212.9,,212.9,0.062,rieske=True,NOVEL,1,,industrial/results/vetted_candidates.csv
UDB-IND-C142,industrial,RHD,BG,BG|tr|A0A3S3RYW4|A0A3S3RYW4_9HYPH,A0A3S3RYW4,bg_rieske_oxy.fasta,,212.1,,212.1,0.069,rieske=True,NOVEL,1,,industrial/results/vetted_candidates.csv
UDB-IND-C143,industrial,RHD,BG,BG|tr|A0AAI8BEH5|A0AAI8BEH5_9BURK,A0AAI8BEH5,bg_rieske_oxy.fasta,,211.1,,211.1,0.069,rieske=True,NOVEL,1,,industrial/results/vetted_candidates.csv
UDB-IND-C144,industrial,RHD,BG,BG|tr|A0ABQ1NCY0|A0ABQ1NCY0_9BURK,A0ABQ1NCY0,bg_rieske_oxy.fasta,,210.5,,210.5,0.064,rieske=True,NOVEL,2,,industrial/results/vetted_candidates.csv
UDB-IND-C145,industrial,RHD,BG,BG|tr|A0A239C344|A0A239C344_9ACTN,A0A239C344,bg_rieske_oxy.fasta,,206.0,,206.0,0.069,rieske=True,NOVEL,1,,industrial/results/vetted_candidates.csv
UDB-IND-C146,industrial,RHD,BG,BG|tr|S5T463|S5T463_9GAMM,S5T463,bg_rieske_oxy.fasta,,204.4,,204.4,0.065,rieske=True,NOVEL,1,,industrial/results/vetted_candidates.csv
UDB-IND-C147,industrial,RHD,BG,BG|tr|A0A231USV4|A0A231USV4_9HYPH,A0A231USV4,bg_rieske_oxy.fasta,,203.4,,203.4,0.062,rieske=True,NOVEL,1,,industrial/results/vetted_candidates.csv
UDB-IND-C148,industrial,RHD,BG,BG|tr|A0ABN5WG05|A0ABN5WG05_9SPHN,A0ABN5WG05,bg_rieske_oxy.fasta,,200.9,,200.9,0.077,rieske=True,NOVEL,1,,industrial/results/vetted_candidates.csv
UDB-IND-C149,industrial,RHD,BG,BG|tr|A0ABR5I9C6|A0ABR5I9C6_9ACTN,A0ABR5I9C6,bg_rieske_oxy.fasta,,199.0,,199.0,0.061,rieske=True,NOVEL,1,,industrial/results/vetted_candidates.csv
UDB-IND-C150,industrial,RHD,BG,BG|tr|A0ABQ4UGV3|A0ABQ4UGV3_9HYPH,A0ABQ4UGV3,bg_rieske_oxy.fasta,,198.3,,198.3,0.059,rieske=True,NOVEL,2,,industrial/results/vetted_candidates.csv
UDB-IND-C151,industrial,RHD,BG,BG|tr|A0ABV6PLH1|A0ABV6PLH1_9SPHN,A0ABV6PLH1,bg_rieske_oxy.fasta,,197.6,,197.6,0.065,rieske=True,NOVEL,1,,industrial/results/vetted_candidates.csv
UDB-IND-C152,industrial,RHD,MGYG000490830,MGYG000490830|MGYG000490830_02378,,mgnify:MGYG000490830,,197.6,,197.6,0.066,rieske=True,NOVEL,1,,industrial/results/vetted_candidates.csv
UDB-IND-C153,industrial,RHD,BG,BG|tr|A0A1N7H217|A0A1N7H217_9ACTN,A0A1N7H217,bg_rieske_oxy.fasta,,194.7,,194.7,0.065,rieske=True,NOVEL,1,,industrial/results/vetted_candidates.csv
UDB-IND-C154,industrial,RHD,BG,BG|tr|A0ABU4L1N7|A0ABU4L1N7_9ACTN,A0ABU4L1N7,bg_rieske_oxy.fasta,,194.2,,194.2,0.069,rieske=True,NOVEL,1,,industrial/results/vetted_candidates.csv
UDB-IND-C155,industrial,RHD,BG,BG|tr|A0A4Y3VWX3|A0A4Y3VWX3_9ACTN,A0A4Y3VWX3,bg_rieske_oxy.fasta,,194.0,,194.0,0.073,rieske=True,NOVEL,4,,industrial/results/vetted_candidates.csv
UDB-IND-C156,industrial,RHD,BG,BG|tr|W5WED4|W5WED4_9PSEU,W5WED4,bg_rieske_oxy.fasta,,193.8,,193.8,0.06,rieske=True,NOVEL,1,,industrial/results/vetted_candidates.csv
UDB-IND-C157,industrial,RHD,BG,BG|tr|A0A512IEM5|A0A512IEM5_9MICC,A0A512IEM5,bg_rieske_oxy.fasta,,192.0,,192.0,0.06,rieske=True,NOVEL,1,,industrial/results/vetted_candidates.csv
UDB-IND-C158,industrial,RHD,BG,BG|tr|A0ABZ1NK39|A0ABZ1NK39_STRVL,A0ABZ1NK39,bg_rieske_oxy.fasta,,191.1,,191.1,0.076,rieske=True,NOVEL,1,,industrial/results/vetted_candidates.csv
UDB-IND-C159,industrial,RHD,BG,BG|tr|A0ABP9TPP9|A0ABP9TPP9_9MICC,A0ABP9TPP9,bg_rieske_oxy.fasta,,190.9,,190.9,0.061,rieske=True,NOVEL,1,,industrial/results/vetted_candidates.csv
UDB-IND-C160,industrial,RHD,BG,BG|tr|A0A4Z0FA09|A0A4Z0FA09_9GAMM,A0A4Z0FA09,bg_rieske_oxy.fasta,,188.7,,188.7,0.065,rieske=True,NOVEL,1,,industrial/results/vetted_candidates.csv
UDB-IND-C161,industrial,RHD,BG,BG|tr|A0ABV8C5T0|A0ABV8C5T0_9PSEU,A0ABV8C5T0,bg_rieske_oxy.fasta,,187.3,,187.3,0.066,rieske=True,NOVEL,1,,industrial/results/vetted_candidates.csv
UDB-IND-C162,industrial,RHD,BG,BG|tr|A0A931CJF7|A0A931CJF7_9MICC,A0A931CJF7,bg_rieske_oxy.fasta,,186.8,,186.8,0.061,rieske=True,NOVEL,1,,industrial/results/vetted_candidates.csv
UDB-IND-C163,industrial,RHD,BG,BG|tr|A0A420ER35|A0A420ER35_9SPHN,A0A420ER35,bg_rieske_oxy.fasta,,186.7,,186.7,0.058,rieske=True,NOVEL,1,,industrial/results/vetted_candidates.csv
UDB-IND-C164,industrial,RHD,BG,BG|tr|A0A9W6IXS9|A0A9W6IXS9_9HYPH,A0A9W6IXS9,bg_rieske_oxy.fasta,,185.8,,185.8,0.063,rieske=True,NOVEL,1,,industrial/results/vetted_candidates.csv
UDB-IND-C165,industrial,RHD,BG,BG|tr|A0A917F1J4|A0A917F1J4_9ACTN,A0A917F1J4,bg_rieske_oxy.fasta,,184.7,,184.7,0.076,rieske=True,NOVEL,1,,industrial/results/vetted_candidates.csv
UDB-IND-C166,industrial,RHD,BG,BG|tr|A0A2T4IUE8|A0A2T4IUE8_9HYPH,A0A2T4IUE8,bg_rieske_oxy.fasta,,183.5,,183.5,0.066,rieske=True,NOVEL,2,,industrial/results/vetted_candidates.csv
UDB-IND-C167,industrial,RHD,BG,BG|tr|A0A7G1PEK9|A0A7G1PEK9_9ACTN,A0A7G1PEK9,bg_rieske_oxy.fasta,,183.1,,183.1,0.063,rieske=True,NOVEL,1,,industrial/results/vetted_candidates.csv
UDB-IND-C168,industrial,RHD,BG,BG|tr|A0ABR9IY35|A0ABR9IY35_RHIVS,A0ABR9IY35,bg_rieske_oxy.fasta,,181.8,,181.8,0.058,rieske=True,NOVEL,3,,industrial/results/vetted_candidates.csv
UDB-IND-C169,industrial,RHD,BG,BG|tr|A0A4T3F2I0|A0A4T3F2I0_9SPHN,A0A4T3F2I0,bg_rieske_oxy.fasta,,181.4,,181.4,0.057,rieske=True,NOVEL,1,,industrial/results/vetted_candidates.csv
UDB-IND-C170,industrial,RHD,BG,BG|tr|A0ABV7P016|A0ABV7P016_9PSEU,A0ABV7P016,bg_rieske_oxy.fasta,,181.2,,181.2,0.062,rieske=True,NOVEL,1,,industrial/results/vetted_candidates.csv
UDB-IND-C171,industrial,RHD,BG,BG|tr|A0A1W2DH41|A0A1W2DH41_KIBAR,A0A1W2DH41,bg_rieske_oxy.fasta,,180.8,,180.8,0.062,rieske=True,NOVEL,1,,industrial/results/vetted_candidates.csv
UDB-IND-C172,industrial,RHD,BG,BG|tr|A0A1H8TDD2|A0A1H8TDD2_9PSEU,A0A1H8TDD2,bg_rieske_oxy.fasta,,180.4,,180.4,0.074,rieske=True,NOVEL,1,,industrial/results/vetted_candidates.csv
UDB-IND-C173,industrial,RHD,BG,BG|tr|Q0BW28|Q0BW28_GRABC,Q0BW28,bg_rieske_oxy.fasta,,180.4,,180.4,0.062,rieske=True,NOVEL,1,,industrial/results/vetted_candidates.csv
UDB-IND-C174,industrial,RHD,BG,BG|tr|A0A401YPM8|A0A401YPM8_9ACTN,A0A401YPM8,bg_rieske_oxy.fasta,,180.3,,180.3,0.071,rieske=True,NOVEL,1,,industrial/results/vetted_candidates.csv
UDB-IND-C175,industrial,RHD,BG,BG|tr|U2YN25|U2YN25_9SPHN,U2YN25,bg_rieske_oxy.fasta,,179.6,,179.6,0.05,rieske=False,NOVEL,1,,industrial/results/vetted_candidates.csv
UDB-IND-C176,industrial,RHD,BG,BG|tr|A0A263D487|A0A263D487_9PSEU,A0A263D487,bg_rieske_oxy.fasta,,179.5,,179.5,0.064,rieske=True,NOVEL,1,,industrial/results/vetted_candidates.csv
UDB-IND-C177,industrial,RHD,BG,BG|tr|A0A6L6X0P5|A0A6L6X0P5_9ACTN,A0A6L6X0P5,bg_rieske_oxy.fasta,,179.0,,179.0,0.068,rieske=True,NOVEL,1,,industrial/results/vetted_candidates.csv
UDB-IND-C178,industrial,RHD,BG,BG|tr|T0GQ09|T0GQ09_9SPHN,T0GQ09,bg_rieske_oxy.fasta,,178.9,,178.9,0.066,rieske=True,NOVEL,1,,industrial/results/vetted_candidates.csv
UDB-IND-C179,industrial,RHD,BG,BG|tr|A0ABT2IA53|A0ABT2IA53_9SPHN,A0ABT2IA53,bg_rieske_oxy.fasta,,178.8,,178.8,0.054,rieske=True,NOVEL,1,,industrial/results/vetted_candidates.csv
UDB-IND-C180,industrial,RHD,BG,BG|tr|A0A1G8I6A8|A0A1G8I6A8_9MICC,A0A1G8I6A8,bg_rieske_oxy.fasta,,178.7,,178.7,0.07,rieske=True,NOVEL,3,,industrial/results/vetted_candidates.csv
UDB-IND-C181,industrial,RHD,BG,BG|tr|A0A9E5MNE3|A0A9E5MNE3_9GAMM,A0A9E5MNE3,bg_rieske_oxy.fasta,,178.3,,178.3,0.068,rieske=True,NOVEL,1,,industrial/results/vetted_candidates.csv
UDB-IND-C182,industrial,RHD,BG,BG|tr|A0A916Y8M6|A0A916Y8M6_9SPHN,A0A916Y8M6,bg_rieske_oxy.fasta,,178.1,,178.1,0.065,rieske=True,NOVEL,1,,industrial/results/vetted_candidates.csv
UDB-IND-C183,industrial,RHD,BG,BG|tr|A0A6N4VG45|A0A6N4VG45_9MYCO,A0A6N4VG45,bg_rieske_oxy.fasta,,177.8,,177.8,0.067,rieske=True,NOVEL,1,,industrial/results/vetted_candidates.csv
UDB-IND-C184,industrial,RHD,BG,BG|tr|A0ABT6CRT9|A0ABT6CRT9_9SPHN,A0ABT6CRT9,bg_rieske_oxy.fasta,,177.7,,177.7,0.062,rieske=True,NOVEL,1,,industrial/results/vetted_candidates.csv
UDB-IND-C185,industrial,RHD,BG,BG|tr|A0A9E5MHA0|A0A9E5MHA0_9GAMM,A0A9E5MHA0,bg_rieske_oxy.fasta,,177.6,,177.6,0.056,rieske=True,NOVEL,1,,industrial/results/vetted_candidates.csv
UDB-IND-C186,industrial,RHD,BG,BG|tr|A0ABQ6PAX9|A0ABQ6PAX9_9SPHN,A0ABQ6PAX9,bg_rieske_oxy.fasta,,177.4,,177.4,0.064,rieske=True,NOVEL,1,,industrial/results/vetted_candidates.csv
UDB-IND-C187,industrial,RHD,BG,BG|tr|A0ABW9LFX2|A0ABW9LFX2_9MYCO,A0ABW9LFX2,bg_rieske_oxy.fasta,,177.4,,177.4,0.075,rieske=True,NOVEL,1,,industrial/results/vetted_candidates.csv
UDB-IND-C188,industrial,RHD,BG,BG|tr|A0A3P5XFH6|A0A3P5XFH6_9RHOB,A0A3P5XFH6,bg_rieske_oxy.fasta,,176.8,,176.8,0.065,rieske=True,NOVEL,1,,industrial/results/vetted_candidates.csv
UDB-IND-C189,industrial,RHD,BG,BG|tr|A0A846YN52|A0A846YN52_9NOCA,A0A846YN52,bg_rieske_oxy.fasta,,176.4,,176.4,0.066,rieske=True,NOVEL,1,,industrial/results/vetted_candidates.csv
UDB-IND-C190,industrial,RHD,BG,BG|tr|A0ABS8JSL3|A0ABS8JSL3_9BURK,A0ABS8JSL3,bg_rieske_oxy.fasta,,176.3,,176.3,0.053,rieske=True,NOVEL,1,,industrial/results/vetted_candidates.csv
UDB-IND-C191,industrial,RHD,BG,BG|tr|A0ABW7UTM6|A0ABW7UTM6_9ACTN,A0ABW7UTM6,bg_rieske_oxy.fasta,,176.2,,176.2,0.075,rieske=True,NOVEL,1,,industrial/results/vetted_candidates.csv
UDB-IND-C192,industrial,RHD,BG,BG|tr|A0ABW8CDU3|A0ABW8CDU3_9ACTN,A0ABW8CDU3,bg_rieske_oxy.fasta,,176.1,,176.1,0.067,rieske=True,NOVEL,1,,industrial/results/vetted_candidates.csv
UDB-IND-C193,industrial,RHD,BG,BG|tr|A0A0D6N7M3|A0A0D6N7M3_9PROT,A0A0D6N7M3,bg_rieske_oxy.fasta,,175.8,,175.8,0.06,rieske=True,NOVEL,1,,industrial/results/vetted_candidates.csv
UDB-IND-C194,industrial,RHD,BG,BG|tr|A0A3R8SFG2|A0A3R8SFG2_9MICO,A0A3R8SFG2,bg_rieske_oxy.fasta,,175.8,,175.8,0.066,rieske=True,NOVEL,1,,industrial/results/vetted_candidates.csv
UDB-IND-C195,industrial,RHD,BG,BG|tr|A0A6P2C7R5|A0A6P2C7R5_9ACTN,A0A6P2C7R5,bg_rieske_oxy.fasta,,175.6,,175.6,0.063,rieske=True,NOVEL,1,,industrial/results/vetted_candidates.csv
UDB-IND-C196,industrial,RHD,BG,BG|tr|A0ABU5QWR2|A0ABU5QWR2_9PSEU,A0ABU5QWR2,bg_rieske_oxy.fasta,,175.5,,175.5,0.074,rieske=True,NOVEL,1,,industrial/results/vetted_candidates.csv
UDB-IND-C197,industrial,RHD,BG,BG|tr|X5M687|X5M687_9HYPH,X5M687,bg_rieske_oxy.fasta,,175.1,,175.1,0.058,rieske=True,NOVEL,1,,industrial/results/vetted_candidates.csv
UDB-IND-C198,industrial,RHD,BG,BG|tr|A0ABP7B4A4|A0ABP7B4A4_9ACTN,A0ABP7B4A4,bg_rieske_oxy.fasta,,175.0,,175.0,0.065,rieske=True,NOVEL,1,,industrial/results/vetted_candidates.csv
UDB-IND-C199,industrial,RHD,BG,BG|tr|A0A0B1ZRK2|A0A0B1ZRK2_9SPHN,A0A0B1ZRK2,bg_rieske_oxy.fasta,,174.7,,174.7,0.068,rieske=True,NOVEL,1,,industrial/results/vetted_candidates.csv
UDB-IND-C200,industrial,RHD,BG,BG|tr|A0A1I6NTU9|A0A1I6NTU9_9PSEU,A0A1I6NTU9,bg_rieske_oxy.fasta,,174.6,,174.6,0.058,rieske=True,NOVEL,1,,industrial/results/vetted_candidates.csv
UDB-IND-C201,industrial,RHD,BG,BG|tr|A0ABU8RQ74|A0ABU8RQ74_9SPHN,A0ABU8RQ74,bg_rieske_oxy.fasta,,174.5,,174.5,0.057,rieske=True,NOVEL,1,,industrial/results/vetted_candidates.csv
UDB-IND-C202,industrial,RHD,BG,BG|tr|A0ABU3AX76|A0ABU3AX76_9ACTN,A0ABU3AX76,bg_rieske_oxy.fasta,,174.0,,174.0,0.072,rieske=True,NOVEL,1,,industrial/results/vetted_candidates.csv
UDB-IND-C203,industrial,RHD,BG,BG|tr|A0A1B7LXS9|A0A1B7LXS9_9MICC,A0A1B7LXS9,bg_rieske_oxy.fasta,,174.0,,174.0,0.071,rieske=True,NOVEL,1,,industrial/results/vetted_candidates.csv
UDB-IND-C204,industrial,RHD,BG,BG|tr|A0ABV6UMW0|A0ABV6UMW0_9ACTN,A0ABV6UMW0,bg_rieske_oxy.fasta,,173.9,,173.9,0.074,rieske=False,NOVEL,1,,industrial/results/vetted_candidates.csv
UDB-IND-C205,industrial,RHD,BG,BG|tr|A0A2G4YQP7|A0A2G4YQP7_9PROT,A0A2G4YQP7,bg_rieske_oxy.fasta,,173.9,,173.9,0.062,rieske=True,NOVEL,1,,industrial/results/vetted_candidates.csv
UDB-IND-C206,industrial,RHD,BG,BG|tr|A0A5E4UYG6|A0A5E4UYG6_9BURK,A0A5E4UYG6,bg_rieske_oxy.fasta,,173.5,,173.5,0.072,rieske=True,NOVEL,1,,industrial/results/vetted_candidates.csv
UDB-IND-C207,industrial,RHD,BG,BG|tr|A0ABQ1F3I3|A0ABQ1F3I3_SPHSA,A0ABQ1F3I3,bg_rieske_oxy.fasta,,173.4,,173.4,0.06,rieske=False,NOVEL,1,,industrial/results/vetted_candidates.csv
UDB-IND-C208,industrial,RHD,BG,BG|tr|A0A9X2M2P2|A0A9X2M2P2_STRMQ,A0A9X2M2P2,bg_rieske_oxy.fasta,,173.2,,173.2,0.072,rieske=True,NOVEL,1,,industrial/results/vetted_candidates.csv
UDB-IND-C209,industrial,RHD,BG,BG|tr|A0ABR5FBE0|A0ABR5FBE0_9MYCO,A0ABR5FBE0,bg_rieske_oxy.fasta,,172.7,,172.7,0.066,rieske=True,NOVEL,1,,industrial/results/vetted_candidates.csv
UDB-IND-C210,industrial,RHD,BG,BG|tr|A0A437GUA1|A0A437GUA1_9SPHN,A0A437GUA1,bg_rieske_oxy.fasta,,172.5,,172.5,0.057,rieske=True,NOVEL,1,,industrial/results/vetted_candidates.csv
UDB-IND-C211,industrial,RHD,BG,BG|tr|A0A1I5ZXQ9|A0A1I5ZXQ9_9PSEU,A0A1I5ZXQ9,bg_rieske_oxy.fasta,,172.4,,172.4,0.068,rieske=True,NOVEL,1,,industrial/results/vetted_candidates.csv
UDB-IND-C212,industrial,RHD,BG,BG|tr|A0ABR6KZZ1|A0ABR6KZZ1_9HYPH,A0ABR6KZZ1,bg_rieske_oxy.fasta,,172.1,,172.1,0.058,rieske=True,NOVEL,1,,industrial/results/vetted_candidates.csv
UDB-IND-C213,industrial,RHD,BG,BG|tr|A0A975KB27|A0A975KB27_9SPHN,A0A975KB27,bg_rieske_oxy.fasta,,171.6,,171.6,0.058,rieske=True,NOVEL,1,,industrial/results/vetted_candidates.csv
UDB-IND-C214,industrial,RHD,BG,BG|tr|A0A916TVL5|A0A916TVL5_9SPHN,A0A916TVL5,bg_rieske_oxy.fasta,,170.1,,170.1,0.063,rieske=True,NOVEL,1,,industrial/results/vetted_candidates.csv
UDB-IND-C215,industrial,RHD,BG,BG|tr|A0A7S8F392|A0A7S8F392_9SPHN,A0A7S8F392,bg_rieske_oxy.fasta,,169.8,,169.8,0.066,rieske=True,NOVEL,1,,industrial/results/vetted_candidates.csv
UDB-IND-C216,industrial,RHD,BG,BG|tr|A0A439DTI3|A0A439DTI3_9MYCO,A0A439DTI3,bg_rieske_oxy.fasta,,169.2,,169.2,0.059,rieske=False,NOVEL,1,,industrial/results/vetted_candidates.csv
UDB-IND-C217,industrial,RHD,BG,BG|tr|A0A3A3G8R6|A0A3A3G8R6_9BURK,A0A3A3G8R6,bg_rieske_oxy.fasta,,169.2,,169.2,0.066,rieske=True,NOVEL,1,,industrial/results/vetted_candidates.csv
UDB-IND-C218,industrial,RHD,BG,BG|tr|A0A916Y788|A0A916Y788_9SPHN,A0A916Y788,bg_rieske_oxy.fasta,,169.1,,169.1,0.06,rieske=True,NOVEL,1,,industrial/results/vetted_candidates.csv
UDB-IND-C219,industrial,RHD,BG,BG|tr|A0ABU3EIM9|A0ABU3EIM9_9RHOB,A0ABU3EIM9,bg_rieske_oxy.fasta,,168.9,,168.9,0.054,rieske=True,NOVEL,1,,industrial/results/vetted_candidates.csv
UDB-IND-C220,industrial,RHD,BG,BG|tr|A0A0U1DG53|A0A0U1DG53_9MYCO,A0A0U1DG53,bg_rieske_oxy.fasta,,168.8,,168.8,0.062,rieske=False,NOVEL,4,,industrial/results/vetted_candidates.csv
UDB-IND-C221,industrial,RHD,BG,BG|tr|A0ABT0BTX0|A0ABT0BTX0_9SPHN,A0ABT0BTX0,bg_rieske_oxy.fasta,,167.6,,167.6,0.051,rieske=True,NOVEL,1,,industrial/results/vetted_candidates.csv
UDB-IND-C222,industrial,RHD,MGYG000490818,MGYG000490818|MGYG000490818_02757,,mgnify:MGYG000490818,,167.4,,167.4,0.058,rieske=True,NOVEL,1,,industrial/results/vetted_candidates.csv
UDB-IND-C223,industrial,RHD,BG,BG|tr|A0ABX0XJ48|A0ABX0XJ48_9SPHN,A0ABX0XJ48,bg_rieske_oxy.fasta,,166.9,,166.9,0.061,rieske=True,NOVEL,1,,industrial/results/vetted_candidates.csv
UDB-IND-C224,industrial,RHD,BG,BG|tr|A0ABT5WR65|A0ABT5WR65_9SPHN,A0ABT5WR65,bg_rieske_oxy.fasta,,166.7,,166.7,0.065,rieske=True,NOVEL,1,,industrial/results/vetted_candidates.csv
UDB-IND-C225,industrial,RHD,BG,BG|tr|A0A8J3PJB9|A0A8J3PJB9_9ACTN,A0A8J3PJB9,bg_rieske_oxy.fasta,,166.1,,166.1,0.068,rieske=True,NOVEL,2,,industrial/results/vetted_candidates.csv
UDB-IND-C226,industrial,RHD,BG,BG|tr|A0A839ZE66|A0A839ZE66_9HYPH,A0A839ZE66,bg_rieske_oxy.fasta,,166.1,,166.1,0.071,rieske=True,NOVEL,1,,industrial/results/vetted_candidates.csv
UDB-IND-C227,industrial,RHD,BG,BG|tr|A0A6L6WLG2|A0A6L6WLG2_9RHOB,A0A6L6WLG2,bg_rieske_oxy.fasta,,165.5,,165.5,0.059,rieske=True,NOVEL,1,,industrial/results/vetted_candidates.csv
UDB-IND-C228,industrial,RHD,BG,BG|tr|A0ABX1IXU8|A0ABX1IXU8_9PSEU,A0ABX1IXU8,bg_rieske_oxy.fasta,,165.1,,165.1,0.065,rieske=True,NOVEL,1,,industrial/results/vetted_candidates.csv
UDB-IND-C229,industrial,RHD,BG,BG|tr|A0ABS2A5E1|A0ABS2A5E1_9ACTN,A0ABS2A5E1,bg_rieske_oxy.fasta,,165.0,,165.0,0.057,rieske=True,NOVEL,1,,industrial/results/vetted_candidates.csv
UDB-IND-C230,industrial,RHD,BG,BG|tr|A0A848KEV8|A0A848KEV8_9NOCA,A0A848KEV8,bg_rieske_oxy.fasta,,164.7,,164.7,0.064,rieske=True,NOVEL,1,,industrial/results/vetted_candidates.csv
UDB-IND-C231,industrial,RHD,BG,BG|tr|A0A1X0D4P4|A0A1X0D4P4_9MYCO,A0A1X0D4P4,bg_rieske_oxy.fasta,,164.5,,164.5,0.049,rieske=False,NOVEL,1,,industrial/results/vetted_candidates.csv
UDB-IND-C232,industrial,RHD,BG,BG|tr|A0A158IMZ3|A0A158IMZ3_9BURK,A0A158IMZ3,bg_rieske_oxy.fasta,,164.3,,164.3,0.063,rieske=True,NOVEL,1,,industrial/results/vetted_candidates.csv
UDB-IND-C233,industrial,RHD,BG,BG|tr|A0ABT8HMA4|A0ABT8HMA4_MYCAO,A0ABT8HMA4,bg_rieske_oxy.fasta,,164.0,,164.0,0.059,rieske=False,NOVEL,3,,industrial/results/vetted_candidates.csv
UDB-IND-C234,industrial,RHD,BG,BG|tr|A0A2W1DTC9|A0A2W1DTC9_PYRTN,A0A2W1DTC9,bg_rieske_oxy.fasta,,163.3,,163.3,0.066,rieske=True,NOVEL,1,,industrial/results/vetted_candidates.csv
UDB-IND-C235,industrial,RHD,BG,BG|tr|A0ABQ6A2A7|A0ABQ6A2A7_9PROT,A0ABQ6A2A7,bg_rieske_oxy.fasta,,163.1,,163.1,0.05,rieske=True,NOVEL,1,,industrial/results/vetted_candidates.csv
UDB-IND-C236,industrial,RHD,BG,BG|tr|A0ABX4Y605|A0ABX4Y605_9PSED,A0ABX4Y605,bg_rieske_oxy.fasta,,162.9,,162.9,0.048,rieske=True,NOVEL,1,,industrial/results/vetted_candidates.csv
UDB-IND-C237,industrial,RHD,BG,BG|tr|A0A3R8R5Y0|A0A3R8R5Y0_9SPHN,A0A3R8R5Y0,bg_rieske_oxy.fasta,,162.3,,162.3,0.053,rieske=True,NOVEL,1,,industrial/results/vetted_candidates.csv
UDB-IND-C238,industrial,RHD,BG,BG|tr|A0A124JTQ4|A0A124JTQ4_9SPHN,A0A124JTQ4,bg_rieske_oxy.fasta,,161.1,,161.1,0.054,rieske=True,NOVEL,1,,industrial/results/vetted_candidates.csv
UDB-IND-C239,industrial,RHD,BG,BG|tr|A0A7W5ALJ5|A0A7W5ALJ5_9ACTN,A0A7W5ALJ5,bg_rieske_oxy.fasta,,160.9,,160.9,0.056,rieske=True,NOVEL,1,,industrial/results/vetted_candidates.csv
UDB-IND-C240,industrial,RHD,BG,BG|tr|A0A5N6IM14|A0A5N6IM14_9EURO,A0A5N6IM14,bg_rieske_oxy.fasta,,160.9,,160.9,0.058,rieske=True,NOVEL,1,,industrial/results/vetted_candidates.csv
UDB-IND-C241,industrial,RHD,BG,BG|tr|A0ABU9SJ82|A0ABU9SJ82_9BURK,A0ABU9SJ82,bg_rieske_oxy.fasta,,160.5,,160.5,0.061,rieske=True,NOVEL,1,,industrial/results/vetted_candidates.csv
UDB-IND-C242,industrial,RHD,BG,BG|tr|A0A2R8C4F9|A0A2R8C4F9_9RHOB,A0A2R8C4F9,bg_rieske_oxy.fasta,,160.4,,160.4,0.062,rieske=True,NOVEL,1,,industrial/results/vetted_candidates.csv
UDB-IND-C243,industrial,RHD,BG,BG|tr|A0A1X0IGM4|A0A1X0IGM4_9MYCO,A0A1X0IGM4,bg_rieske_oxy.fasta,,160.0,,160.0,0.065,rieske=False,NOVEL,1,,industrial/results/vetted_candidates.csv
UDB-IND-C244,industrial,RHD,BG,BG|tr|A0ABY7TKM0|A0ABY7TKM0_9SPHN,A0ABY7TKM0,bg_rieske_oxy.fasta,,159.8,,159.8,0.063,rieske=False,NOVEL,1,,industrial/results/vetted_candidates.csv
UDB-IND-C245,industrial,RHD,BG,BG|tr|A0A7I9XR16|A0A7I9XR16_9MYCO,A0A7I9XR16,bg_rieske_oxy.fasta,,159.6,,159.6,0.058,rieske=False,NOVEL,1,,industrial/results/vetted_candidates.csv
UDB-IND-C246,industrial,RHD,BG,BG|tr|A0A7X0MV12|A0A7X0MV12_9GAMM,A0A7X0MV12,bg_rieske_oxy.fasta,,159.6,,159.6,0.055,rieske=True,NOVEL,1,,industrial/results/vetted_candidates.csv
UDB-IND-C247,industrial,RHD,BG,BG|tr|A0A2S5ZXP6|A0A2S5ZXP6_9NOCA,A0A2S5ZXP6,bg_rieske_oxy.fasta,,159.3,,159.3,0.062,rieske=True,NOVEL,1,,industrial/results/vetted_candidates.csv
UDB-IND-C248,industrial,RHD,BG,BG|tr|A0ABR5FIN0|A0ABR5FIN0_9MYCO,A0ABR5FIN0,bg_rieske_oxy.fasta,,159.3,,159.3,0.059,rieske=False,NOVEL,1,,industrial/results/vetted_candidates.csv
UDB-IND-C249,industrial,RHD,BG,BG|tr|A0A344J8X9|A0A344J8X9_9GAMM,A0A344J8X9,bg_rieske_oxy.fasta,,158.9,,158.9,0.061,rieske=True,NOVEL,1,,industrial/results/vetted_candidates.csv
UDB-IND-C250,industrial,RHD,BG,BG|tr|A0A1X0DNM3|A0A1X0DNM3_MYCHE,A0A1X0DNM3,bg_rieske_oxy.fasta,,157.6,,157.6,0.065,rieske=True,NOVEL,1,,industrial/results/vetted_candidates.csv
UDB-IND-C251,industrial,RHD,BG,BG|tr|A0A656QPQ2|A0A656QPQ2_9BURK,A0A656QPQ2,bg_rieske_oxy.fasta,,156.9,,156.9,0.059,rieske=True,NOVEL,1,,industrial/results/vetted_candidates.csv
UDB-IND-C252,industrial,RHD,BG,BG|tr|A0ABV8T552|A0ABV8T552_9GAMM,A0ABV8T552,bg_rieske_oxy.fasta,,156.7,,156.7,0.064,rieske=False,NOVEL,1,,industrial/results/vetted_candidates.csv
UDB-IND-C253,industrial,RHD,BG,BG|tr|T0GJ19|T0GJ19_SPHWJ,T0GJ19,bg_rieske_oxy.fasta,,155.4,,155.4,0.059,rieske=True,NOVEL,1,,industrial/results/vetted_candidates.csv
UDB-IND-C254,industrial,RHD,BG,BG|tr|A0A1V6NWY0|A0A1V6NWY0_PENDC,A0A1V6NWY0,bg_rieske_oxy.fasta,,154.9,,154.9,0.06,rieske=True,NOVEL,1,,industrial/results/vetted_candidates.csv
UDB-IND-C255,industrial,RHD,BG,BG|tr|A0A2U3P6M9|A0A2U3P6M9_9MYCO,A0A2U3P6M9,bg_rieske_oxy.fasta,,154.8,,154.8,0.065,rieske=True,NOVEL,1,,industrial/results/vetted_candidates.csv
UDB-IND-C256,industrial,RHD,BG,BG|tr|A0A4Y9ERD7|A0A4Y9ERD7_9SPHN,A0A4Y9ERD7,bg_rieske_oxy.fasta,,154.8,,154.8,0.056,rieske=True,NOVEL,1,,industrial/results/vetted_candidates.csv
UDB-IND-C257,industrial,RHD,BG,BG|tr|A0ABV2WYM2|A0ABV2WYM2_9NOCA,A0ABV2WYM2,bg_rieske_oxy.fasta,,154.6,,154.6,0.066,rieske=True,NOVEL,1,,industrial/results/vetted_candidates.csv
UDB-IND-C258,industrial,RHD,BG,BG|tr|A0A5C9A2W3|A0A5C9A2W3_9GAMM,A0A5C9A2W3,bg_rieske_oxy.fasta,,154.5,,154.5,0.058,rieske=True,NOVEL,1,,industrial/results/vetted_candidates.csv
UDB-IND-C259,industrial,RHD,BG,BG|tr|A0ABQ9PAV5|A0ABQ9PAV5_9PEZI,A0ABQ9PAV5,bg_rieske_oxy.fasta,,154.5,,154.5,0.056,rieske=True,NOVEL,1,,industrial/results/vetted_candidates.csv
UDB-IND-C260,industrial,RHD,BG,BG|tr|A0A163L4C1|A0A163L4C1_DIDRA,A0A163L4C1,bg_rieske_oxy.fasta,,154.1,,154.1,0.062,rieske=True,NOVEL,1,,industrial/results/vetted_candidates.csv
UDB-IND-C261,industrial,RHD,BG,BG|tr|A0ABR9K2M6|A0ABR9K2M6_9ACTN,A0ABR9K2M6,bg_rieske_oxy.fasta,,154.1,,154.1,0.063,rieske=False,NOVEL,1,,industrial/results/vetted_candidates.csv
UDB-IND-C262,industrial,RHD,BG,BG|tr|A0A485KYE6|A0A485KYE6_9STRA,A0A485KYE6,bg_rieske_oxy.fasta,,153.8,,153.8,0.064,rieske=True,NOVEL,1,,industrial/results/vetted_candidates.csv
UDB-IND-C263,industrial,RHD,BG,BG|tr|A0A9X0BEE5|A0A9X0BEE5_9EURO,A0A9X0BEE5,bg_rieske_oxy.fasta,,153.7,,153.7,0.055,rieske=True,NOVEL,1,,industrial/results/vetted_candidates.csv
UDB-IND-C264,industrial,RHD,BG,BG|tr|A0A9X1QKM9|A0A9X1QKM9_9SPHN,A0A9X1QKM9,bg_rieske_oxy.fasta,,153.5,,153.5,0.065,rieske=True,NOVEL,1,,industrial/results/vetted_candidates.csv
UDB-IND-C265,industrial,RHD,BG,BG|tr|A0A9W4UQZ4|A0A9W4UQZ4_9PLEO,A0A9W4UQZ4,bg_rieske_oxy.fasta,,153.5,,153.5,0.056,rieske=True,NOVEL,1,,industrial/results/vetted_candidates.csv
UDB-IND-C266,industrial,RHD,BG,BG|tr|A0A839IT74|A0A839IT74_9GAMM,A0A839IT74,bg_rieske_oxy.fasta,,152.9,,152.9,0.051,rieske=True,NOVEL,1,,industrial/results/vetted_candidates.csv
UDB-IND-C267,industrial,RHD,BG,BG|tr|A0A9Y2F6M4|A0A9Y2F6M4_9SPHN,A0A9Y2F6M4,bg_rieske_oxy.fasta,,152.8,,152.8,0.061,rieske=True,NOVEL,1,,industrial/results/vetted_candidates.csv
UDB-IND-C268,industrial,RHD,BG,BG|tr|A0ABT4MNE0|A0ABT4MNE0_GORRU,A0ABT4MNE0,bg_rieske_oxy.fasta,,152.8,,152.8,0.065,rieske=True,NOVEL,1,,industrial/results/vetted_candidates.csv
UDB-IND-C269,industrial,RHD,BG,BG|tr|W9VRT9|W9VRT9_9EURO,W9VRT9,bg_rieske_oxy.fasta,,151.9,,151.9,0.057,rieske=True,NOVEL,1,,industrial/results/vetted_candidates.csv
UDB-IND-C270,industrial,RHD,BG,BG|tr|A0A9P8Y2Z5|A0A9P8Y2Z5_9PEZI,A0A9P8Y2Z5,bg_rieske_oxy.fasta,,151.3,,151.3,0.058,rieske=True,NOVEL,1,,industrial/results/vetted_candidates.csv
UDB-IND-C271,industrial,RHD,BG,BG|tr|A0A7I9YSE1|A0A7I9YSE1_MYCBU,A0A7I9YSE1,bg_rieske_oxy.fasta,,150.0,,150.0,0.064,rieske=False,NOVEL,2,,industrial/results/vetted_candidates.csv
UDB-IND-C272,industrial,RHD,BG,BG|tr|A0ACG5F862|A0ACG5F862_9MYCO,A0ACG5F862,bg_rieske_oxy.fasta,,150.0,,150.0,0.053,rieske=False,NOVEL,2,,industrial/results/vetted_candidates.csv
UDB-IND-C273,industrial,RHD,BG,BG|tr|A0AAN9L8N1|A0AAN9L8N1_CANGL,A0AAN9L8N1,bg_rieske_oxy.fasta,,149.9,,149.9,0.051,rieske=True,NOVEL,1,,industrial/results/vetted_candidates.csv
UDB-IND-C274,industrial,RHD,BG,BG|tr|A0A1Q4HFV7|A0A1Q4HFV7_9MYCO,A0A1Q4HFV7,bg_rieske_oxy.fasta,,149.8,,149.8,0.058,rieske=True,NOVEL,1,,industrial/results/vetted_candidates.csv
UDB-IND-C275,industrial,RHD,BG,BG|tr|A0AAD9WXI7|A0AAD9WXI7_9ROSI,A0AAD9WXI7,bg_rieske_oxy.fasta,,149.8,,149.8,0.053,rieske=True,NOVEL,1,,industrial/results/vetted_candidates.csv
UDB-IND-C276,industrial,RHD,BG,BG|tr|A0A375YIR0|A0A375YIR0_MYCPF,A0A375YIR0,bg_rieske_oxy.fasta,,149.4,,149.4,0.06,rieske=True,NOVEL,1,,industrial/results/vetted_candidates.csv
UDB-IND-C277,industrial,RHD,BG,BG|tr|A0ABV3RBA2|A0ABV3RBA2_9SPHN,A0ABV3RBA2,bg_rieske_oxy.fasta,,149.2,,149.2,0.061,rieske=False,NOVEL,1,,industrial/results/vetted_candidates.csv
UDB-IND-C278,industrial,RHD,BG,BG|tr|A0A6P5SP34|A0A6P5SP34_PRUAV,A0A6P5SP34,bg_rieske_oxy.fasta,,148.7,,148.7,0.055,rieske=True,NOVEL,1,,industrial/results/vetted_candidates.csv
UDB-IND-C279,industrial,RHD,BG,BG|tr|A0ABZ2XC75|A0ABZ2XC75_9HYPO,A0ABZ2XC75,bg_rieske_oxy.fasta,,148.5,,148.5,0.063,rieske=True,NOVEL,1,,industrial/results/vetted_candidates.csv
UDB-IND-C280,industrial,RHD,BG,BG|tr|Q4FL71|Q4FL71_PELUB,Q4FL71,bg_rieske_oxy.fasta,,148.4,,148.4,0.043,rieske=True,NOVEL,1,,industrial/results/vetted_candidates.csv
UDB-IND-C281,industrial,RHD,BG,BG|tr|A0ABV7L4U9|A0ABV7L4U9_9PROT,A0ABV7L4U9,bg_rieske_oxy.fasta,,148.1,,148.1,0.064,rieske=True,NOVEL,1,,industrial/results/vetted_candidates.csv
UDB-IND-C282,industrial,RHD,BG,BG|tr|A0A6J4GZ63|A0A6J4GZ63_9FLAO,A0A6J4GZ63,bg_rieske_oxy.fasta,,147.9,,147.9,0.055,rieske=True,NOVEL,1,,industrial/results/vetted_candidates.csv
UDB-IND-C283,industrial,RHD,BG,BG|tr|A0A1I5MRL5|A0A1I5MRL5_9PSED,A0A1I5MRL5,bg_rieske_oxy.fasta,,147.5,,147.5,0.052,rieske=True,NOVEL,1,,industrial/results/vetted_candidates.csv
UDB-IND-C284,industrial,RHD,BG,BG|tr|A0A1V6UJ74|A0A1V6UJ74_9EURO,A0A1V6UJ74,bg_rieske_oxy.fasta,,147.3,,147.3,0.06,rieske=True,NOVEL,1,,industrial/results/vetted_candidates.csv
UDB-IND-C285,industrial,RHD,BG,BG|tr|A0ABQ9NLG9|A0ABQ9NLG9_9PEZI,A0ABQ9NLG9,bg_rieske_oxy.fasta,,147.1,,147.1,0.053,rieske=True,NOVEL,1,,industrial/results/vetted_candidates.csv
UDB-IND-C286,industrial,RHD,BG,BG|tr|A0ABT8X7L2|A0ABT8X7L2_9HYPH,A0ABT8X7L2,bg_rieske_oxy.fasta,,146.7,,146.7,0.052,rieske=True,NOVEL,1,,industrial/results/vetted_candidates.csv
UDB-IND-C287,industrial,RHD,BG,BG|tr|A0AB40AM45|A0AB40AM45_DIOCR,A0AB40AM45,bg_rieske_oxy.fasta,,146.2,,146.2,0.054,rieske=True,NOVEL,1,,industrial/results/vetted_candidates.csv
UDB-IND-C288,industrial,RHD,BG,BG|tr|A0ABX8I4C5|A0ABX8I4C5_9ASCO,A0ABX8I4C5,bg_rieske_oxy.fasta,,146.1,,146.1,0.065,rieske=True,NOVEL,1,,industrial/results/vetted_candidates.csv
UDB-IND-C289,industrial,RHD,BG,BG|tr|A0ABX1S6Z3|A0ABX1S6Z3_9PSEU,A0ABX1S6Z3,bg_rieske_oxy.fasta,,145.7,,145.7,0.054,rieske=False,NOVEL,1,,industrial/results/vetted_candidates.csv
UDB-IND-C290,industrial,RHD,BG,BG|tr|A0AA35M9S7|A0AA35M9S7_9HYPO,A0AA35M9S7,bg_rieske_oxy.fasta,,144.3,,144.3,0.062,rieske=True,NOVEL,1,,industrial/results/vetted_candidates.csv
UDB-IND-C291,industrial,RHD,BG,BG|tr|A0A840VNN8|A0A840VNN8_9PROT,A0A840VNN8,bg_rieske_oxy.fasta,,144.3,,144.3,0.053,rieske=True,NOVEL,1,,industrial/results/vetted_candidates.csv
UDB-IND-C292,industrial,RHD,BG,BG|tr|A0A2C9VM70|A0A2C9VM70_MANES,A0A2C9VM70,bg_rieske_oxy.fasta,,144.2,,144.2,0.06,rieske=True,NOVEL,1,,industrial/results/vetted_candidates.csv
UDB-IND-C293,industrial,RHD,BG,BG|tr|A0A061EJU4|A0A061EJU4_THECC,A0A061EJU4,bg_rieske_oxy.fasta,,143.8,,143.8,0.054,rieske=True,NOVEL,1,,industrial/results/vetted_candidates.csv
UDB-IND-C294,industrial,RHD,BG,BG|tr|A0A2K2FUC5|A0A2K2FUC5_9SPHN,A0A2K2FUC5,bg_rieske_oxy.fasta,,143.7,,143.7,0.056,rieske=False,NOVEL,1,,industrial/results/vetted_candidates.csv
UDB-IND-C295,industrial,RHD,BG,BG|tr|A0A330HCU0|A0A330HCU0_9HYPH,A0A330HCU0,bg_rieske_oxy.fasta,,143.6,,143.6,0.057,rieske=True,NOVEL,2,,industrial/results/vetted_candidates.csv
UDB-IND-C296,industrial,RHD,BG,BG|tr|A0ACH2MC72|A0ACH2MC72_9XANT,A0ACH2MC72,bg_rieske_oxy.fasta,,143.5,,143.5,0.056,rieske=True,NOVEL,1,,industrial/results/vetted_candidates.csv
UDB-IND-C297,industrial,RHD,BG,BG|tr|A0A8J3B5P9|A0A8J3B5P9_9BURK,A0A8J3B5P9,bg_rieske_oxy.fasta,,143.5,,143.5,0.048,rieske=True,NOVEL,1,,industrial/results/vetted_candidates.csv
UDB-IND-C298,industrial,RHD,BG,BG|tr|A0ABD1WW32|A0ABD1WW32_9LAMI,A0ABD1WW32,bg_rieske_oxy.fasta,,143.4,,143.4,0.058,rieske=True,NOVEL,1,,industrial/results/vetted_candidates.csv
UDB-IND-C299,industrial,RHD,BG,BG|tr|A0A9P4YZD4|A0A9P4YZD4_9HYPO,A0A9P4YZD4,bg_rieske_oxy.fasta,,142.9,,142.9,0.058,rieske=True,NOVEL,1,,industrial/results/vetted_candidates.csv
UDB-IND-C300,industrial,RHD,BG,BG|tr|A0A1X1RPJ3|A0A1X1RPJ3_MYCCE,A0A1X1RPJ3,bg_rieske_oxy.fasta,,142.8,,142.8,0.056,rieske=False,NOVEL,1,,industrial/results/vetted_candidates.csv
UDB-IND-C301,industrial,RHD,BG,BG|tr|Q7UKH7|Q7UKH7_RHOBA,Q7UKH7,bg_rieske_oxy.fasta,,142.5,,142.5,0.055,rieske=True,NOVEL,1,,industrial/results/vetted_candidates.csv
UDB-IND-C302,industrial,RHD,BG,BG|tr|A0A4Q4ZII6|A0A4Q4ZII6_9ACTN,A0A4Q4ZII6,bg_rieske_oxy.fasta,,142.2,,142.2,0.064,rieske=True,NOVEL,1,,industrial/results/vetted_candidates.csv
UDB-IND-C303,industrial,RHD,BG,BG|tr|A0A0G4PM70|A0A0G4PM70_PENC3,A0A0G4PM70,bg_rieske_oxy.fasta,,141.9,,141.9,0.057,rieske=True,NOVEL,1,,industrial/results/vetted_candidates.csv
UDB-IND-C304,industrial,RHD,BG,BG|tr|A0ABT5WUJ9|A0ABT5WUJ9_9SPHN,A0ABT5WUJ9,bg_rieske_oxy.fasta,,141.0,,141.0,0.057,rieske=False,NOVEL,1,,industrial/results/vetted_candidates.csv
UDB-IND-C305,industrial,RHD,BG,BG|tr|A0AAC8YXC7|A0AAC8YXC7_SPHMC,A0AAC8YXC7,bg_rieske_oxy.fasta,,140.7,,140.7,0.07,rieske=True,NOVEL,1,,industrial/results/vetted_candidates.csv
UDB-IND-C306,industrial,RHD,BG,BG|tr|A0A8T9B4V7|A0A8T9B4V7_9HELO,A0A8T9B4V7,bg_rieske_oxy.fasta,,140.6,,140.6,0.066,rieske=True,NOVEL,1,,industrial/results/vetted_candidates.csv
UDB-IND-C307,industrial,RHD,BG,BG|tr|A0A365UCR7|A0A365UCR7_9RHOB,A0A365UCR7,bg_rieske_oxy.fasta,,140.2,,140.2,0.064,rieske=True,NOVEL,1,,industrial/results/vetted_candidates.csv
UDB-IND-C308,industrial,RHD,BG,BG|tr|A0A0D5YF42|A0A0D5YF42_ACIBA,A0A0D5YF42,bg_rieske_oxy.fasta,,140.2,,140.2,0.047,rieske=True,NOVEL,2,,industrial/results/vetted_candidates.csv
UDB-IND-C309,industrial,RHD,BG,BG|tr|A0ACC6MQD4|A0ACC6MQD4_MYCPF,A0ACC6MQD4,bg_rieske_oxy.fasta,,140.1,,140.1,0.053,rieske=True,NOVEL,1,,industrial/results/vetted_candidates.csv
UDB-IND-C310,industrial,RHD,BG,BG|tr|A0ABY7U3X5|A0ABY7U3X5_9SPHN,A0ABY7U3X5,bg_rieske_oxy.fasta,,140.0,,140.0,0.069,rieske=True,NOVEL,1,,industrial/results/vetted_candidates.csv
UDB-IND-C311,industrial,RHD,BG,BG|tr|A0ABM4WNY3|A0ABM4WNY3_COFAR,A0ABM4WNY3,bg_rieske_oxy.fasta,,139.6,,139.6,0.058,rieske=True,NOVEL,1,,industrial/results/vetted_candidates.csv
UDB-IND-C312,industrial,RHD,BG,BG|tr|A0ABV6ZV72|A0ABV6ZV72_9PROT,A0ABV6ZV72,bg_rieske_oxy.fasta,,139.5,,139.5,0.059,rieske=True,NOVEL,1,,industrial/results/vetted_candidates.csv
UDB-IND-C313,industrial,RHD,BG,BG|tr|A0ABZ1N3L9|A0ABZ1N3L9_9NOCA,A0ABZ1N3L9,bg_rieske_oxy.fasta,,139.1,,139.1,0.064,rieske=True,NOVEL,1,,industrial/results/vetted_candidates.csv
UDB-IND-C314,industrial,RHD,BG,BG|tr|A0A225NLV7|A0A225NLV7_9RHOB,A0A225NLV7,bg_rieske_oxy.fasta,,139.0,,139.0,0.059,rieske=True,NOVEL,1,,industrial/results/vetted_candidates.csv
UDB-IND-C315,industrial,RHD,BG,BG|tr|A0AAV9J4Y3|A0AAV9J4Y3_9PEZI,A0AAV9J4Y3,bg_rieske_oxy.fasta,,138.7,,138.7,0.055,rieske=True,NOVEL,1,,industrial/results/vetted_candidates.csv
UDB-IND-C316,industrial,RHD,BG,BG|tr|A0ACF5ARK5|A0ACF5ARK5_9ASCO,A0ACF5ARK5,bg_rieske_oxy.fasta,,138.7,,138.7,0.055,rieske=True,NOVEL,1,,industrial/results/vetted_candidates.csv
UDB-IND-C317,industrial,RHD,BG,BG|tr|A0A840WKG2|A0A840WKG2_9RHOB,A0A840WKG2,bg_rieske_oxy.fasta,,138.4,,138.4,0.06,rieske=True,NOVEL,1,,industrial/results/vetted_candidates.csv
UDB-IND-C318,industrial,RHD,BG,BG|tr|A0ABQ9PWW3|A0ABQ9PWW3_9PEZI,A0ABQ9PWW3,bg_rieske_oxy.fasta,,138.4,,138.4,0.064,rieske=True,NOVEL,1,,industrial/results/vetted_candidates.csv
UDB-IND-C319,industrial,RHD,BG,BG|tr|A0A7I7X776|A0A7I7X776_9MYCO,A0A7I7X776,bg_rieske_oxy.fasta,,137.6,,137.6,0.061,rieske=False,NOVEL,1,,industrial/results/vetted_candidates.csv
UDB-IND-C320,industrial,RHD,BG,BG|tr|A0A4R5VFY2|A0A4R5VFY2_9RHOB,A0A4R5VFY2,bg_rieske_oxy.fasta,,137.6,,137.6,0.055,rieske=True,NOVEL,1,,industrial/results/vetted_candidates.csv
UDB-IND-C321,industrial,RHD,BG,BG|tr|A0A8J3GYP0|A0A8J3GYP0_9RHOB,A0A8J3GYP0,bg_rieske_oxy.fasta,,137.4,,137.4,0.067,rieske=True,NOVEL,1,,industrial/results/vetted_candidates.csv
