id,source,length,profile,cls,score,neg_score,margin,rieske_motif,max_jaccard_vs_canon
BG|tr|Q75W73|Q75W73_9HYPH,bg_rieske_oxy.fasta,433,FAMX:RHD:RHD_BPH,RHD,777.1,0.0,777.1,True,0.203
BG|tr|A0ABV0HMU8|A0ABV0HMU8_9ENTR,bg_rieske_oxy.fasta,453,FAMX:RHD:RHD_OTHER,RHD,576.8,0.0,576.8,True,0.752
BG|tr|A0A149PFH2|A0A149PFH2_9BURK,bg_rieske_oxy.fasta,455,FAMX:RHD:RHD_OTHER,RHD,564.6,0.0,564.6,True,0.059
BG|tr|A0ABR9P133|A0ABR9P133_9ACTN,bg_rieske_oxy.fasta,470,FAMX:RHD:RHD_OTHER,RHD,562.3,0.0,562.3,True,0.128
BG|tr|A0AA37H9X9|A0AA37H9X9_9HYPH,bg_rieske_oxy.fasta,442,FAMX:RHD:RHD_OTHER,RHD,562.3,0.0,562.3,True,0.055
BG|tr|A0ABT1QJY3|A0ABT1QJY3_9NOCA,bg_rieske_oxy.fasta,458,FAMX:RHD:RHD_OTHER,RHD,558.4,0.0,558.4,True,0.057
BG|tr|A0A238K6P7|A0A238K6P7_9RHOB,bg_rieske_oxy.fasta,462,FAMX:RHD:RHD_OTHER,RHD,558.0,0.0,558.0,True,0.062
BG|tr|A0A076NQM4|A0A076NQM4_9CORY,bg_rieske_oxy.fasta,442,FAMX:RHD:RHD_OTHER,RHD,557.1,0.0,557.1,True,0.108
BG|tr|A0A3N6MW60|A0A3N6MW60_9BURK,bg_rieske_oxy.fasta,451,FAMX:RHD:RHD_OTHER,RHD,556.4,0.0,556.4,True,0.454
BG|tr|A0A4P8HLQ0|A0A4P8HLQ0_9BURK,bg_rieske_oxy.fasta,461,FAMX:RHD:RHD_OTHER,RHD,556.2,0.0,556.2,True,0.052
BG|tr|A0A1M4V8D6|A0A1M4V8D6_9GAMM,bg_rieske_oxy.fasta,448,FAMX:RHD:RHD_OTHER,RHD,554.7,0.0,554.7,True,0.051
BG|tr|A0ABQ2DPT0|A0ABQ2DPT0_9MICC,bg_rieske_oxy.fasta,452,FAMX:RHD:RHD_OTHER,RHD,554.2,0.0,554.2,True,0.055
BG|tr|A0A101UVV8|A0A101UVV8_9ACTN,bg_rieske_oxy.fasta,434,FAMX:RHD:RHD_OTHER,RHD,554.0,0.0,554.0,True,0.127
BG|tr|A0A059ZN19|A0A059ZN19_ACIBA,bg_rieske_oxy.fasta,460,FAMX:RHD:RHD_OTHER,RHD,553.9,0.0,553.9,True,0.055
BG|tr|A0ABP8PRI8|A0ABP8PRI8_9NOCA,bg_rieske_oxy.fasta,464,FAMX:RHD:RHD_OTHER,RHD,553.9,0.0,553.9,True,0.056
BG|tr|A0A1H2MWH9|A0A1H2MWH9_9PSED,bg_rieske_oxy.fasta,454,FAMX:RHD:RHD_OTHER,RHD,553.8,0.0,553.8,True,0.052
BG|tr|A0ABV9MHY3|A0ABV9MHY3_9MICC,bg_rieske_oxy.fasta,452,FAMX:RHD:RHD_OTHER,RHD,553.6,0.0,553.6,True,0.055
BG|tr|A0A438BKP0|A0A438BKP0_9NOCA,bg_rieske_oxy.fasta,445,FAMX:RHD:RHD_OTHER,RHD,552.0,0.0,552.0,True,0.109
BG|tr|Q2T826|Q2T826_BURTA,bg_rieske_oxy.fasta,455,FAMX:RHD:RHD_OTHER,RHD,551.9,0.0,551.9,True,0.056
BG|tr|A0ABM7PXD5|A0ABM7PXD5_SINCY,bg_rieske_oxy.fasta,477,FAMX:RHD:RHD_OTHER,RHD,560.8,11.5,549.3,True,0.07
BG|tr|A0A939GY85|A0A939GY85_9BURK,bg_rieske_oxy.fasta,450,FAMX:RHD:RHD_OTHER,RHD,548.3,0.0,548.3,True,0.051
BG|tr|Q9I0W4|Q9I0W4_PSEAE,bg_rieske_oxy.fasta,455,FAMX:RHD:RHD_OTHER,RHD,547.9,0.0,547.9,True,0.054
BG|tr|A0AAW5HU82|A0AAW5HU82_9CORY,bg_rieske_oxy.fasta,437,FAMX:RHD:RHD_OTHER,RHD,546.0,0.0,546.0,True,0.11
BG|tr|A0A1V2DTW8|A0A1V2DTW8_9GAMM,bg_rieske_oxy.fasta,457,FAMX:RHD:RHD_OTHER,RHD,538.5,0.0,538.5,True,0.061
BG|tr|A0A2N7UJ67|A0A2N7UJ67_9GAMM,bg_rieske_oxy.fasta,459,FAMX:RHD:RHD_OTHER,RHD,538.3,0.0,538.3,True,0.067
BG|tr|A0ABY1FKU2|A0ABY1FKU2_9GAMM,bg_rieske_oxy.fasta,463,FAMX:RHD:RHD_OTHER,RHD,537.4,0.0,537.4,True,0.068
BG|tr|A0A3P8JKU4|A0A3P8JKU4_KLETE,bg_rieske_oxy.fasta,460,FAMX:RHD:RHD_OTHER,RHD,536.4,0.0,536.4,True,0.067
BG|tr|A0A2N0H3Q6|A0A2N0H3Q6_9SPHN,bg_rieske_oxy.fasta,455,FAMX:RHD:RHD_OTHER,RHD,535.3,0.0,535.3,True,0.076
BG|tr|A0A846TNL6|A0A846TNL6_9MICC,bg_rieske_oxy.fasta,460,FAMX:RHD:RHD_OTHER,RHD,530.7,0.0,530.7,True,0.059
BG|tr|A0A9Q9SNG1|A0A9Q9SNG1_9BURK,bg_rieske_oxy.fasta,452,FAMX:RHD:RHD_OTHER,RHD,530.5,0.0,530.5,True,0.058
BG|tr|A0ABY1QX91|A0ABY1QX91_9SPHN,bg_rieske_oxy.fasta,455,FAMX:RHD:RHD_OTHER,RHD,529.4,0.0,529.4,True,0.081
BG|tr|A0ABW2HF70|A0ABW2HF70_9MICO,bg_rieske_oxy.fasta,455,FAMX:RHD:RHD_OTHER,RHD,525.3,0.0,525.3,True,0.097
BG|tr|A0A5D0UJA8|A0A5D0UJA8_9ACTN,bg_rieske_oxy.fasta,429,FAMX:RHD:RHD_OTHER,RHD,519.9,0.0,519.9,True,0.096
BG|tr|Q934B6|Q934B6_RHOJR,bg_rieske_oxy.fasta,460,FAMX:RHD:RHD_OTHER,RHD,518.1,0.0,518.1,True,0.081
BG|tr|A0A2K2G0K4|A0A2K2G0K4_9SPHN,bg_rieske_oxy.fasta,459,FAMX:RHD:RHD_OTHER,RHD,505.1,0.0,505.1,True,0.102
BG|tr|A0A562KKN7|A0A562KKN7_SPHWJ,bg_rieske_oxy.fasta,438,FAMX:RHD:RHD_OTHER,RHD,492.4,0.0,492.4,True,0.095
BG|tr|A0ABW2S4T9|A0ABW2S4T9_9NOCA,bg_rieske_oxy.fasta,442,FAMX:RHD:RHD_OTHER,RHD,490.3,0.0,490.3,True,0.107
BG|tr|A0ABW3VT00|A0ABW3VT00_9PSEU,bg_rieske_oxy.fasta,449,FAMX:RHD:RHD_OTHER,RHD,486.0,0.0,486.0,True,0.09
BG|tr|A0A0B1ZUU5|A0A0B1ZUU5_9SPHN,bg_rieske_oxy.fasta,439,FAMX:RHD:RHD_OTHER,RHD,477.8,0.0,477.8,True,0.115
BG|tr|A0ABY1QWW5|A0ABY1QWW5_9SPHN,bg_rieske_oxy.fasta,470,FAMX:RHD:RHD_OTHER,RHD,477.3,0.0,477.3,True,0.062
BG|tr|A0ABW0G974|A0ABW0G974_9PROT,bg_rieske_oxy.fasta,446,FAMX:RHD:RHD_OTHER,RHD,471.5,0.0,471.5,True,0.082
BG|tr|I0CL65|I0CL65_9BACT,bg_rieske_oxy.fasta,444,FAMX:RHD:RHD_OTHER,RHD,467.9,0.0,467.9,True,0.075
BG|tr|A0A852VY74|A0A852VY74_PSEA5,bg_rieske_oxy.fasta,460,FAMX:RHD:RHD_OTHER,RHD,467.4,0.0,467.4,True,0.07
BG|tr|A0A1H6J885|A0A1H6J885_MYCRU,bg_rieske_oxy.fasta,455,FAMX:RHD:RHD_OTHER,RHD,466.7,0.0,466.7,True,0.077
BG|tr|A0ABX8UE68|A0ABX8UE68_9ACTN,bg_rieske_oxy.fasta,470,FAMX:RHD:RHD_OTHER,RHD,460.9,0.0,460.9,True,0.084
BG|tr|A0ABV2WR00|A0ABV2WR00_9NOCA,bg_rieske_oxy.fasta,395,FAMX:RHD:RHD_OTHER,RHD,457.9,0.0,457.9,True,0.076
BG|tr|A0A934UTS5|A0A934UTS5_9MICO,bg_rieske_oxy.fasta,476,FAMX:RHD:RHD_OTHER,RHD,457.8,0.0,457.8,True,0.083
BG|tr|A0ABQ0KRX9|A0ABQ0KRX9_MYCNV,bg_rieske_oxy.fasta,437,FAMX:RHD:RHD_OTHER,RHD,457.3,0.0,457.3,True,0.081
BG|tr|A0ABQ1BL04|A0ABQ1BL04_9MYCO,bg_rieske_oxy.fasta,445,FAMX:RHD:RHD_OTHER,RHD,448.2,0.0,448.2,True,0.073
BG|tr|A0ABN6ISY1|A0ABN6ISY1_9MYCO,bg_rieske_oxy.fasta,448,FAMX:RHD:RHD_OTHER,RHD,446.0,0.0,446.0,True,0.066
BG|tr|A0A1I5PX20|A0A1I5PX20_9GAMM,bg_rieske_oxy.fasta,463,FAMX:RHD:RHD_OTHER,RHD,445.5,0.0,445.5,True,0.057
BG|tr|A0ABP7MVV7|A0ABP7MVV7_9GAMM,bg_dehalogenase_like.fasta,308,FAMX:HLD:HALOALKANE,HLD,443.0,0.0,443.0,,0.135
BG|tr|A0A064CBC8|A0A064CBC8_9MYCO,bg_rieske_oxy.fasta,438,FAMX:RHD:RHD_OTHER,RHD,428.7,0.0,428.7,True,0.077
BG|tr|A0A2M9YN64|A0A2M9YN64_9LEPT,bg_dehalogenase_like.fasta,298,FAMX:HLD:HALOALKANE,HLD,422.5,0.0,422.5,,0.147
BG|tr|A0A2U1K4Q3|A0A2U1K4Q3_9BACI,bg_rieske_oxy.fasta,431,FAMX:RHD:RHD_OTHER,RHD,421.2,0.0,421.2,True,0.061
BG|tr|A0A7K0CKW3|A0A7K0CKW3_9ACTN,bg_rieske_oxy.fasta,471,FAMX:RHD:RHD_OTHER,RHD,413.7,0.0,413.7,True,0.085
BG|tr|A0A543IBY3|A0A543IBY3_9ACTN,bg_dehalogenase_like.fasta,305,FAMX:HLD:HALOALKANE,HLD,407.3,0.0,407.3,,0.173
MGYG000490812|MGYG000490812_01835,mgnify:MGYG000490812,343,FAMX:HLD:HALOALKANE,HLD,404.8,0.0,404.8,,0.161
BG|tr|A0A1X1ZSA7|A0A1X1ZSA7_9MYCO,bg_dehalogenase_like.fasta,301,FAMX:HLD:HALOALKANE,HLD,401.8,0.0,401.8,,0.156
MGYG000490814|MGYG000490814_02176,mgnify:MGYG000490814,304,FAMX:HLD:HALOALKANE,HLD,395.5,0.0,395.5,,0.184
BG|tr|A0A418MWQ9|A0A418MWQ9_9ACTN,bg_rieske_oxy.fasta,426,FAMX:RHD:RHD_OTHER,RHD,391.9,0.0,391.9,True,0.067
BG|tr|A0ABV8I7J0|A0ABV8I7J0_9ACTN,bg_dehalogenase_like.fasta,295,FAMX:HLD:HALOALKANE,HLD,382.2,0.0,382.2,,0.173
BG|tr|A0AA35W3E7|A0AA35W3E7_GEOBA,bg_rieske_oxy.fasta,441,FAMX:RHD:RHD_OTHER,RHD,381.8,0.0,381.8,True,0.074
BG|tr|M0M069|M0M069_9EURY,bg_dehalogenase_like.fasta,295,FAMX:HLD:HALOALKANE,HLD,381.3,0.0,381.3,,0.112
BG|tr|Q2T811|Q2T811_BURTA,bg_rieske_oxy.fasta,425,FAMX:RHD:RHD_OTHER,RHD,379.0,0.0,379.0,True,0.058
BG|tr|A0A323UVE5|A0A323UVE5_9RHOO,bg_rieske_oxy.fasta,422,FAMX:RHD:RHD_OTHER,RHD,377.3,0.0,377.3,True,0.062
BG|tr|A0ACG4YXW2|A0ACG4YXW2_CUPNE,bg_rieske_oxy.fasta,429,FAMX:RHD:RHD_OTHER,RHD,363.5,0.0,363.5,True,0.054
BG|tr|A0A1I3Z5K6|A0A1I3Z5K6_9PROT,bg_rieske_oxy.fasta,417,FAMX:RHD:RHD_OTHER,RHD,362.2,0.0,362.2,True,0.056
BG|tr|A0A0G3YZ83|A0A0G3YZ83_9BURK,bg_rieske_oxy.fasta,427,FAMX:RHD:RHD_OTHER,RHD,362.1,0.0,362.1,True,0.07
BG|tr|A0ABW9C0H2|A0ABW9C0H2_9BURK,bg_rieske_oxy.fasta,427,FAMX:RHD:RHD_OTHER,RHD,359.7,0.0,359.7,True,0.066
BG|tr|A0A917VXE9|A0A917VXE9_9NOCA,bg_rieske_oxy.fasta,478,FAMX:RHD:RHD_OTHER,RHD,358.1,0.0,358.1,True,0.075
BG|tr|A0A0U1DPB4|A0A0U1DPB4_9MYCO,bg_rieske_oxy.fasta,466,FAMX:RHD:RHD_OTHER,RHD,357.6,0.0,357.6,True,0.067
BG|tr|A0ABR9L1Z8|A0ABR9L1Z8_9PSEU,bg_rieske_oxy.fasta,435,FAMX:RHD:RHD_OTHER,RHD,357.4,0.0,357.4,True,0.059
BG|tr|A0A1I4UCI6|A0A1I4UCI6_PSUAM,bg_rieske_oxy.fasta,425,FAMX:RHD:RHD_OTHER,RHD,357.2,0.0,357.2,True,0.064
BG|tr|G6YS28|G6YS28_9GAMM,bg_rieske_oxy.fasta,436,FAMX:RHD:RHD_OTHER,RHD,354.6,0.0,354.6,True,0.069
BG|tr|A0A1B1YVA2|A0A1B1YVA2_9GAMM,bg_rieske_oxy.fasta,416,FAMX:RHD:RHD_OTHER,RHD,354.0,0.0,354.0,True,0.07
BG|tr|X0PQG0|X0PQG0_RHOWR,bg_rieske_oxy.fasta,437,FAMX:RHD:RHD_OTHER,RHD,351.5,0.0,351.5,True,0.074
BG|tr|A0A2T5HUT9|A0A2T5HUT9_9RHOB,bg_rieske_oxy.fasta,425,FAMX:RHD:RHD_OTHER,RHD,351.2,0.0,351.2,True,0.055
BG|tr|A0A2S2FE04|A0A2S2FE04_9GAMM,bg_rieske_oxy.fasta,425,FAMX:RHD:RHD_OTHER,RHD,348.9,0.0,348.9,True,0.068
BG|tr|A0ABY8XLD9|A0ABY8XLD9_9PSEU,bg_rieske_oxy.fasta,442,FAMX:RHD:RHD_OTHER,RHD,347.9,0.0,347.9,True,0.064
BG|tr|A0ABW3FP19|A0ABW3FP19_9PSEU,bg_rieske_oxy.fasta,425,FAMX:RHD:RHD_OTHER,RHD,347.6,0.0,347.6,True,0.069
BG|tr|A0A1H3HM91|A0A1H3HM91_9EURY,bg_rieske_oxy.fasta,455,FAMX:RHD:RHD_OTHER,RHD,345.9,0.0,345.9,True,0.081
BG|tr|A0ABX4N2G0|A0ABX4N2G0_9MICC,bg_rieske_oxy.fasta,432,FAMX:RHD:RHD_OTHER,RHD,341.8,0.0,341.8,True,0.06
BG|tr|A0A844XGB8|A0A844XGB8_9SPHN,bg_rieske_oxy.fasta,422,FAMX:RHD:RHD_OTHER,RHD,338.2,0.0,338.2,True,0.057
BG|tr|A0A6J5J2U6|A0A6J5J2U6_9BURK,bg_rieske_oxy.fasta,434,FAMX:RHD:RHD_OTHER,RHD,334.4,0.0,334.4,True,0.062
BG|tr|A0ABZ1ATC9|A0ABZ1ATC9_AROEV,bg_rieske_oxy.fasta,464,FAMX:RHD:RHD_OTHER,RHD,332.7,0.0,332.7,True,0.068
BG|tr|A0A7W6LT19|A0A7W6LT19_9SPHN,bg_rieske_oxy.fasta,422,FAMX:RHD:RHD_OTHER,RHD,327.7,0.0,327.7,True,0.063
BG|tr|A0A418YP24|A0A418YP24_9SPHN,bg_rieske_oxy.fasta,426,FAMX:RHD:RHD_OTHER,RHD,323.5,0.0,323.5,True,0.053
BG|tr|A0ABZ0HZB7|A0ABZ0HZB7_9GAMM,bg_dehalogenase_like.fasta,306,FAMX:HLD:HALOALKANE,HLD,321.4,0.0,321.4,,0.14
BG|tr|A0A238ZH95|A0A238ZH95_9PSEU,bg_rieske_oxy.fasta,426,FAMX:RHD:RHD_OTHER,RHD,320.8,0.0,320.8,True,0.068
BG|tr|A0A2S7K4H5|A0A2S7K4H5_9PROT,bg_rieske_oxy.fasta,419,FAMX:RHD:RHD_OTHER,RHD,318.5,0.0,318.5,True,0.057
BG|tr|A0ABT0CCM3|A0ABT0CCM3_THEVL,bg_rieske_oxy.fasta,429,FAMX:RHD:RHD_OTHER,RHD,304.7,0.0,304.7,True,0.059
BG|tr|A0A4R5M6S2|A0A4R5M6S2_9BURK,bg_rieske_oxy.fasta,418,FAMX:RHD:RHD_OTHER,RHD,301.6,0.0,301.6,True,0.057
BG|tr|A1K6Z5|A1K6Z5_AZOSB,bg_rieske_oxy.fasta,440,FAMX:RHD:RHD_OTHER,RHD,301.3,0.0,301.3,True,0.056
BG|tr|A0A6S7AKK3|A0A6S7AKK3_9BURK,bg_rieske_oxy.fasta,412,FAMX:RHD:RHD_OTHER,RHD,299.1,0.0,299.1,True,0.055
BG|tr|A0ABN4JD39|A0ABN4JD39_9BURK,bg_rieske_oxy.fasta,419,FAMX:RHD:RHD_OTHER,RHD,298.5,0.0,298.5,True,0.047
BG|tr|A0A431TNU0|A0A431TNU0_9BURK,bg_rieske_oxy.fasta,441,FAMX:RHD:RHD_OTHER,RHD,297.7,0.0,297.7,True,0.055
BG|tr|A0ACG2NG95|A0ACG2NG95_9BURK,bg_rieske_oxy.fasta,419,FAMX:RHD:RHD_OTHER,RHD,296.1,0.0,296.1,True,0.052
MGYG000518823|MGYG000518823_02897,mgnify:MGYG000518823,309,FAMX:HLD:HALOALKANE,HLD,295.7,0.0,295.7,,0.138
BG|tr|A0ABY0DNZ4|A0ABY0DNZ4_9BRAD,bg_rieske_oxy.fasta,446,FAMX:RHD:RHD_OTHER,RHD,295.2,0.0,295.2,True,0.05
BG|tr|A0ABV1MBV9|A0ABV1MBV9_9MYCO,bg_dehalogenase_like.fasta,286,FAMX:HLD:HALOALKANE,HLD,293.6,0.0,293.6,,1.0
BG|tr|A0A939EKD2|A0A939EKD2_9HYPH,bg_rieske_oxy.fasta,413,FAMX:RHD:RHD_OTHER,RHD,293.6,0.0,293.6,True,0.057
BG|tr|A0ACG2PT40|A0ACG2PT40_9BURK,bg_rieske_oxy.fasta,441,FAMX:RHD:RHD_OTHER,RHD,290.6,0.0,290.6,True,0.054
BG|tr|A0A157ZJI7|A0A157ZJI7_9BURK,bg_rieske_oxy.fasta,430,FAMX:RHD:RHD_OTHER,RHD,289.2,0.0,289.2,True,0.059
BG|tr|A0ABX0GKC9|A0ABX0GKC9_9GAMM,bg_rieske_oxy.fasta,424,FAMX:RHD:RHD_OTHER,RHD,288.3,0.0,288.3,True,0.065
BG|tr|A0ABT3AJM5|A0ABT3AJM5_9RHOB,bg_rieske_oxy.fasta,441,FAMX:RHD:RHD_OTHER,RHD,284.3,0.0,284.3,True,0.053
MGYG000490812|MGYG000490812_00491,mgnify:MGYG000490812,297,FAMX:HLD:HALOALKANE,HLD,280.5,0.0,280.5,,0.134
BG|tr|A0ABS6P8V0|A0ABS6P8V0_9PSED,bg_rieske_oxy.fasta,432,FAMX:RHD:RHD_OTHER,RHD,277.4,0.0,277.4,True,0.061
BG|tr|A0A4R2CX10|A0A4R2CX10_SHIGR,bg_rieske_oxy.fasta,414,FAMX:RHD:RHD_OTHER,RHD,274.0,0.0,274.0,True,0.056
BG|tr|A0A521FBF7|A0A521FBF7_9RHOB,bg_rieske_oxy.fasta,413,FAMX:RHD:RHD_OTHER,RHD,269.1,0.0,269.1,True,0.06
BG|tr|A0AAE3QE85|A0AAE3QE85_9HYPH,bg_rieske_oxy.fasta,414,FAMX:RHD:RHD_OTHER,RHD,266.0,0.0,266.0,True,0.058
BG|tr|A0A261VVZ4|A0A261VVZ4_9BORD,bg_rieske_oxy.fasta,429,FAMX:RHD:RHD_OTHER,RHD,264.8,0.0,264.8,True,0.054
BG|tr|A0A2A5KWR0|A0A2A5KWR0_9HYPH,bg_rieske_oxy.fasta,414,FAMX:RHD:RHD_OTHER,RHD,259.2,0.0,259.2,True,0.056
BG|tr|A0A7X5F1T1|A0A7X5F1T1_9HYPH,bg_rieske_oxy.fasta,414,FAMX:RHD:RHD_OTHER,RHD,258.2,0.0,258.2,True,0.058
BG|tr|A0ABS7IQ26|A0ABS7IQ26_9HYPH,bg_rieske_oxy.fasta,414,FAMX:RHD:RHD_OTHER,RHD,258.0,0.0,258.0,True,0.058
BG|tr|A0A135HUB8|A0A135HUB8_9HYPH,bg_rieske_oxy.fasta,414,FAMX:RHD:RHD_OTHER,RHD,258.0,0.0,258.0,True,0.054
BG|tr|A0A2S9QCB2|A0A2S9QCB2_9HYPH,bg_rieske_oxy.fasta,414,FAMX:RHD:RHD_OTHER,RHD,256.0,0.0,256.0,True,0.063
BG|tr|A0A5C4XRF7|A0A5C4XRF7_9HYPH,bg_rieske_oxy.fasta,414,FAMX:RHD:RHD_OTHER,RHD,255.9,0.0,255.9,True,0.055
BG|tr|A0A3P4B004|A0A3P4B004_9BURK,bg_rieske_oxy.fasta,396,FAMX:RHD:RHD_OTHER,RHD,255.1,0.0,255.1,True,0.052
BG|tr|A0ABV7DE68|A0ABV7DE68_9HYPH,bg_rieske_oxy.fasta,414,FAMX:RHD:RHD_OTHER,RHD,255.0,0.0,255.0,True,0.062
BG|tr|A0A561R3R4|A0A561R3R4_9HYPH,bg_rieske_oxy.fasta,414,FAMX:RHD:RHD_OTHER,RHD,254.9,0.0,254.9,True,0.053
BG|tr|A0ABS4DTR6|A0ABS4DTR6_9HYPH,bg_rieske_oxy.fasta,414,FAMX:RHD:RHD_OTHER,RHD,253.7,0.0,253.7,True,0.058
BG|tr|A0A401IXB0|A0A401IXB0_SPHXE,bg_rieske_oxy.fasta,415,FAMX:RHD:RHD_OTHER,RHD,252.3,0.0,252.3,True,0.054
MGYG000490812|MGYG000490812_02541,mgnify:MGYG000490812,300,FAMX:HLD:HALOALKANE,HLD,252.1,0.0,252.1,,0.115
BG|tr|A0A317MYL7|A0A317MYL7_9GAMM,bg_rieske_oxy.fasta,434,FAMX:RHD:RHD_OTHER,RHD,249.5,0.0,249.5,True,0.055
BG|tr|A0A1M6CY65|A0A1M6CY65_9RHOB,bg_rieske_oxy.fasta,409,FAMX:RHD:RHD_OTHER,RHD,249.5,0.0,249.5,True,0.061
BG|tr|A0A3B0MB04|A0A3B0MB04_9RHOB,bg_rieske_oxy.fasta,411,FAMX:RHD:RHD_OTHER,RHD,244.3,0.0,244.3,True,0.058
BG|tr|A0A502BUF7|A0A502BUF7_9HYPH,bg_rieske_oxy.fasta,415,FAMX:RHD:RHD_OTHER,RHD,244.2,0.0,244.2,True,0.05
BG|tr|A0A8K0XZ78|A0A8K0XZ78_9RHOB,bg_rieske_oxy.fasta,412,FAMX:RHD:RHD_OTHER,RHD,243.9,0.0,243.9,True,0.059
BG|tr|S6B2I6|S6B2I6_METRE,bg_rieske_oxy.fasta,567,FAMX:RHD:RHD_OTHER,RHD,241.6,0.0,241.6,True,0.061
BG|tr|A0AAD3RVY5|A0AAD3RVY5_9RHOB,bg_rieske_oxy.fasta,412,FAMX:RHD:RHD_OTHER,RHD,240.0,0.0,240.0,True,0.054
BG|tr|A0ABS9RYN3|A0ABS9RYN3_9GAMM,bg_rieske_oxy.fasta,428,FAMX:RHD:RHD_OTHER,RHD,238.1,0.0,238.1,True,0.061
BG|tr|A0A1A8T6A0|A0A1A8T6A0_9GAMM,bg_rieske_oxy.fasta,423,FAMX:RHD:RHD_OTHER,RHD,237.6,0.0,237.6,True,0.059
BG|tr|A0A0E3C5W0|A0A0E3C5W0_9BURK,bg_rieske_oxy.fasta,360,FAMX:RHD:RHD_OTHER,RHD,237.0,0.0,237.0,True,0.064
BG|tr|A0ABU3EER5|A0ABU3EER5_9RHOB,bg_rieske_oxy.fasta,413,FAMX:RHD:RHD_OTHER,RHD,236.8,0.0,236.8,True,0.057
BG|tr|A0ABW3P1Y3|A0ABW3P1Y3_9SPHN,bg_rieske_oxy.fasta,391,FAMX:RHD:RHD_OTHER,RHD,235.9,0.0,235.9,True,0.064
BG|tr|A0A5C4R233|A0A5C4R233_9RHOB,bg_rieske_oxy.fasta,412,FAMX:RHD:RHD_OTHER,RHD,232.2,0.0,232.2,True,0.052
BG|tr|A0ABV6CKB2|A0ABV6CKB2_9RHOB,bg_rieske_oxy.fasta,414,FAMX:RHD:RHD_OTHER,RHD,231.9,0.0,231.9,True,0.054
BG|tr|A0A7W2LJT0|A0A7W2LJT0_9PSED,bg_rieske_oxy.fasta,430,FAMX:RHD:RHD_OTHER,RHD,231.5,0.0,231.5,True,0.047
BG|tr|A0AB33Z290|A0AB33Z290_9GAMM,bg_rieske_oxy.fasta,396,FAMX:RHD:RHD_OTHER,RHD,230.1,0.0,230.1,True,0.06
BG|tr|A0A383RNX7|A0A383RNX7_9PSED,bg_rieske_oxy.fasta,430,FAMX:RHD:RHD_OTHER,RHD,228.6,0.0,228.6,True,0.056
BG|tr|A0A0M3AIB6|A0A0M3AIB6_9SPHN,bg_rieske_oxy.fasta,391,FAMX:RHD:RHD_OTHER,RHD,228.2,0.0,228.2,True,0.057
BG|tr|A0AAE5TXB3|A0AAE5TXB3_9HYPH,bg_rieske_oxy.fasta,408,FAMX:RHD:RHD_OTHER,RHD,224.6,0.0,224.6,True,0.062
BG|tr|A0ABR7YVK7|A0ABR7YVK7_9PSED,bg_rieske_oxy.fasta,431,FAMX:RHD:RHD_OTHER,RHD,224.6,0.0,224.6,True,0.05
BG|tr|A0A7X0FAS4|A0A7X0FAS4_9HYPH,bg_rieske_oxy.fasta,399,FAMX:RHD:RHD_OTHER,RHD,223.7,0.0,223.7,True,0.055
BG|tr|A0A7Z2GS49|A0A7Z2GS49_9BURK,bg_rieske_oxy.fasta,410,FAMX:RHD:RHD_OTHER,RHD,223.5,0.0,223.5,True,0.056
BG|tr|A0A1E3R9U5|A0A1E3R9U5_MYCFV,bg_rieske_oxy.fasta,393,FAMX:RHD:RHD_OTHER,RHD,220.3,0.0,220.3,True,0.064
BG|tr|A0ABX2QGS9|A0ABX2QGS9_9HYPH,bg_rieske_oxy.fasta,409,FAMX:RHD:RHD_OTHER,RHD,218.6,0.0,218.6,True,0.056
BG|tr|A0A512AES0|A0A512AES0_9SPHN,bg_rieske_oxy.fasta,403,FAMX:RHD:RHD_OTHER,RHD,218.3,0.0,218.3,True,0.05
BG|tr|A0A1H5Z4D5|A0A1H5Z4D5_9HYPH,bg_rieske_oxy.fasta,412,FAMX:RHD:RHD_OTHER,RHD,216.9,0.0,216.9,True,0.059
BG|tr|A0ABZ2U2V7|A0ABZ2U2V7_9ACTN,bg_rieske_oxy.fasta,361,FAMX:RHD:RHD_OTHER,RHD,212.9,0.0,212.9,True,0.062
BG|tr|A0A3S3RYW4|A0A3S3RYW4_9HYPH,bg_rieske_oxy.fasta,409,FAMX:RHD:RHD_OTHER,RHD,212.1,0.0,212.1,True,0.069
BG|tr|A0AAI8BEH5|A0AAI8BEH5_9BURK,bg_rieske_oxy.fasta,413,FAMX:RHD:RHD_OTHER,RHD,211.1,0.0,211.1,True,0.069
BG|tr|A0ABQ1NCY0|A0ABQ1NCY0_9BURK,bg_rieske_oxy.fasta,436,FAMX:RHD:RHD_OTHER,RHD,210.5,0.0,210.5,True,0.064
BG|tr|A0ABW8MMQ0|A0ABW8MMQ0_9BURK,bg_rieske_oxy.fasta,432,FAMX:RHD:RHD_OTHER,RHD,207.6,0.0,207.6,True,0.07
BG|tr|A0A239C344|A0A239C344_9ACTN,bg_rieske_oxy.fasta,420,FAMX:RHD:RHD_OTHER,RHD,206.0,0.0,206.0,True,0.069
BG|tr|S5T463|S5T463_9GAMM,bg_rieske_oxy.fasta,407,FAMX:RHD:RHD_OTHER,RHD,204.4,0.0,204.4,True,0.065
BG|tr|A0A231USV4|A0A231USV4_9HYPH,bg_rieske_oxy.fasta,419,FAMX:RHD:RHD_OTHER,RHD,203.4,0.0,203.4,True,0.062
BG|tr|A0ABN5WG05|A0ABN5WG05_9SPHN,bg_rieske_oxy.fasta,381,FAMX:RHD:RHD_OTHER,RHD,200.9,0.0,200.9,True,0.077
BG|tr|A0ABR5I9C6|A0ABR5I9C6_9ACTN,bg_rieske_oxy.fasta,443,FAMX:RHD:RHD_OTHER,RHD,199.0,0.0,199.0,True,0.061
BG|tr|A0ABQ4UGV3|A0ABQ4UGV3_9HYPH,bg_rieske_oxy.fasta,419,FAMX:RHD:RHD_OTHER,RHD,198.3,0.0,198.3,True,0.059
BG|tr|A0ABV6PLH1|A0ABV6PLH1_9SPHN,bg_rieske_oxy.fasta,416,FAMX:RHD:RHD_OTHER,RHD,197.6,0.0,197.6,True,0.065
MGYG000490830|MGYG000490830_02378,mgnify:MGYG000490830,427,FAMX:RHD:RHD_OTHER,RHD,197.6,0.0,197.6,True,0.066
BG|tr|A0A1N7H217|A0A1N7H217_9ACTN,bg_rieske_oxy.fasta,373,FAMX:RHD:RHD_OTHER,RHD,194.7,0.0,194.7,True,0.065
BG|tr|A0ABU4L1N7|A0ABU4L1N7_9ACTN,bg_rieske_oxy.fasta,377,FAMX:RHD:RHD_OTHER,RHD,194.2,0.0,194.2,True,0.069
BG|tr|A0A4Y3VWX3|A0A4Y3VWX3_9ACTN,bg_rieske_oxy.fasta,376,FAMX:RHD:RHD_OTHER,RHD,194.0,0.0,194.0,True,0.073
BG|tr|W5WED4|W5WED4_9PSEU,bg_rieske_oxy.fasta,380,FAMX:RHD:RHD_OTHER,RHD,193.8,0.0,193.8,True,0.06
BG|tr|A0A512IEM5|A0A512IEM5_9MICC,bg_rieske_oxy.fasta,388,FAMX:RHD:RHD_OTHER,RHD,192.0,0.0,192.0,True,0.06
BG|tr|A0ABW8FHC7|A0ABW8FHC7_9ACTN,bg_rieske_oxy.fasta,380,FAMX:RHD:RHD_OTHER,RHD,191.8,0.0,191.8,True,0.062
BG|tr|A0ABZ1NK39|A0ABZ1NK39_STRVL,bg_rieske_oxy.fasta,375,FAMX:RHD:RHD_OTHER,RHD,191.1,0.0,191.1,True,0.076
BG|tr|A0ABP9TPP9|A0ABP9TPP9_9MICC,bg_rieske_oxy.fasta,434,FAMX:RHD:RHD_OTHER,RHD,190.9,0.0,190.9,True,0.061
BG|tr|A0A1I2VG32|A0A1I2VG32_9HYPH,bg_rieske_oxy.fasta,419,FAMX:RHD:RHD_OTHER,RHD,189.7,0.0,189.7,True,0.063
BG|tr|A0A4Z0FA09|A0A4Z0FA09_9GAMM,bg_rieske_oxy.fasta,409,FAMX:RHD:RHD_OTHER,RHD,188.7,0.0,188.7,True,0.065
BG|tr|A0ABV8C5T0|A0ABV8C5T0_9PSEU,bg_rieske_oxy.fasta,376,FAMX:RHD:RHD_OTHER,RHD,187.3,0.0,187.3,True,0.066
BG|tr|A0ABV1WH99|A0ABV1WH99_9ACTN,bg_rieske_oxy.fasta,377,FAMX:RHD:RHD_OTHER,RHD,186.9,0.0,186.9,True,0.069
BG|tr|A0A931CJF7|A0A931CJF7_9MICC,bg_rieske_oxy.fasta,380,FAMX:RHD:RHD_OTHER,RHD,186.8,0.0,186.8,True,0.061
BG|tr|A0A420ER35|A0A420ER35_9SPHN,bg_rieske_oxy.fasta,398,FAMX:RHD:RHD_OTHER,RHD,186.7,0.0,186.7,True,0.058
BG|tr|A0A9W6IXS9|A0A9W6IXS9_9HYPH,bg_rieske_oxy.fasta,419,FAMX:RHD:RHD_OTHER,RHD,185.8,0.0,185.8,True,0.063
BG|tr|A0A917F1J4|A0A917F1J4_9ACTN,bg_rieske_oxy.fasta,435,FAMX:RHD:RHD_OTHER,RHD,184.7,0.0,184.7,True,0.076
BG|tr|A0ABU3UYJ1|A0ABU3UYJ1_9ACTN,bg_rieske_oxy.fasta,376,FAMX:RHD:RHD_OTHER,RHD,184.5,0.0,184.5,True,0.068
BG|tr|A0A2T4IUE8|A0A2T4IUE8_9HYPH,bg_rieske_oxy.fasta,393,FAMX:RHD:RHD_OTHER,RHD,183.5,0.0,183.5,True,0.066
BG|tr|A0A7G1PEK9|A0A7G1PEK9_9ACTN,bg_rieske_oxy.fasta,388,FAMX:RHD:RHD_OTHER,RHD,183.1,0.0,183.1,True,0.063
BG|tr|A0ABR9IY35|A0ABR9IY35_RHIVS,bg_rieske_oxy.fasta,417,FAMX:RHD:RHD_OTHER,RHD,181.8,0.0,181.8,True,0.058
BG|tr|A0A4T3F2I0|A0A4T3F2I0_9SPHN,bg_rieske_oxy.fasta,392,FAMX:RHD:RHD_OTHER,RHD,181.4,0.0,181.4,True,0.057
BG|tr|A0ABV7P016|A0ABV7P016_9PSEU,bg_rieske_oxy.fasta,373,FAMX:RHD:RHD_OTHER,RHD,181.2,0.0,181.2,True,0.062
BG|tr|A0A562MFR5|A0A562MFR5_9HYPH,bg_rieske_oxy.fasta,393,FAMX:RHD:RHD_OTHER,RHD,180.9,0.0,180.9,True,0.06
BG|tr|A0A1W2DH41|A0A1W2DH41_KIBAR,bg_rieske_oxy.fasta,371,FAMX:RHD:RHD_OTHER,RHD,180.8,0.0,180.8,True,0.062
BG|tr|A0A1H8TDD2|A0A1H8TDD2_9PSEU,bg_rieske_oxy.fasta,373,FAMX:RHD:RHD_OTHER,RHD,180.4,0.0,180.4,True,0.074
BG|tr|Q0BW28|Q0BW28_GRABC,bg_rieske_oxy.fasta,425,FAMX:RHD:RHD_OTHER,RHD,180.4,0.0,180.4,True,0.062
BG|tr|A0A401YPM8|A0A401YPM8_9ACTN,bg_rieske_oxy.fasta,399,FAMX:RHD:RHD_OTHER,RHD,180.3,0.0,180.3,True,0.071
BG|tr|U2YN25|U2YN25_9SPHN,bg_rieske_oxy.fasta,398,FAMX:RHD:RHD_OTHER,RHD,179.6,0.0,179.6,False,0.05
BG|tr|A0A263D487|A0A263D487_9PSEU,bg_rieske_oxy.fasta,382,FAMX:RHD:RHD_OTHER,RHD,179.5,0.0,179.5,True,0.064
BG|tr|A0A6L6X0P5|A0A6L6X0P5_9ACTN,bg_rieske_oxy.fasta,372,FAMX:RHD:RHD_OTHER,RHD,179.0,0.0,179.0,True,0.068
BG|tr|T0GQ09|T0GQ09_9SPHN,bg_rieske_oxy.fasta,392,FAMX:RHD:RHD_OTHER,RHD,178.9,0.0,178.9,True,0.066
BG|tr|A0ABT2IA53|A0ABT2IA53_9SPHN,bg_rieske_oxy.fasta,398,FAMX:RHD:RHD_OTHER,RHD,178.8,0.0,178.8,True,0.054
BG|tr|A0A1G8I6A8|A0A1G8I6A8_9MICC,bg_rieske_oxy.fasta,434,FAMX:RHD:RHD_OTHER,RHD,178.7,0.0,178.7,True,0.07
BG|tr|A0A9E5MNE3|A0A9E5MNE3_9GAMM,bg_rieske_oxy.fasta,546,FAMX:RHD:RHD_OTHER,RHD,178.3,0.0,178.3,True,0.068
BG|tr|A0A916Y8M6|A0A916Y8M6_9SPHN,bg_rieske_oxy.fasta,458,FAMX:RHD:RHD_OTHER,RHD,178.1,0.0,178.1,True,0.065
BG|tr|A0A6N4VG45|A0A6N4VG45_9MYCO,bg_rieske_oxy.fasta,383,FAMX:RHD:RHD_OTHER,RHD,177.8,0.0,177.8,True,0.067
BG|tr|A0ABT6CRT9|A0ABT6CRT9_9SPHN,bg_rieske_oxy.fasta,478,FAMX:RHD:RHD_OTHER,RHD,177.7,0.0,177.7,True,0.062
BG|tr|A0A9E5MHA0|A0A9E5MHA0_9GAMM,bg_rieske_oxy.fasta,472,FAMX:RHD:RHD_OTHER,RHD,177.6,0.0,177.6,True,0.056
BG|tr|A0AAW8NZ19|A0AAW8NZ19_9HYPH,bg_rieske_oxy.fasta,417,FAMX:RHD:RHD_OTHER,RHD,177.4,0.0,177.4,True,0.059
BG|tr|A0ABQ6PAX9|A0ABQ6PAX9_9SPHN,bg_rieske_oxy.fasta,416,FAMX:RHD:RHD_OTHER,RHD,177.4,0.0,177.4,True,0.064
BG|tr|A0ABW9LFX2|A0ABW9LFX2_9MYCO,bg_rieske_oxy.fasta,452,FAMX:RHD:RHD_OTHER,RHD,177.4,0.0,177.4,True,0.075
BG|tr|A0A3P5XFH6|A0A3P5XFH6_9RHOB,bg_rieske_oxy.fasta,403,FAMX:RHD:RHD_OTHER,RHD,176.8,0.0,176.8,True,0.065
BG|tr|A0ABQ2AWJ2|A0ABQ2AWJ2_9MICC,bg_rieske_oxy.fasta,434,FAMX:RHD:RHD_OTHER,RHD,176.5,0.0,176.5,True,0.068
BG|tr|A0A846YN52|A0A846YN52_9NOCA,bg_rieske_oxy.fasta,452,FAMX:RHD:RHD_OTHER,RHD,176.4,0.0,176.4,True,0.066
BG|tr|A0ABS8JSL3|A0ABS8JSL3_9BURK,bg_rieske_oxy.fasta,422,FAMX:RHD:RHD_OTHER,RHD,176.3,0.0,176.3,True,0.053
BG|tr|A0ABW7UTM6|A0ABW7UTM6_9ACTN,bg_rieske_oxy.fasta,399,FAMX:RHD:RHD_OTHER,RHD,176.2,0.0,176.2,True,0.075
BG|tr|A0ABW8CDU3|A0ABW8CDU3_9ACTN,bg_rieske_oxy.fasta,390,FAMX:RHD:RHD_OTHER,RHD,176.1,0.0,176.1,True,0.067
BG|tr|A0A0D6N7M3|A0A0D6N7M3_9PROT,bg_rieske_oxy.fasta,414,FAMX:RHD:RHD_OTHER,RHD,175.8,0.0,175.8,True,0.06
BG|tr|A0A3R8SFG2|A0A3R8SFG2_9MICO,bg_rieske_oxy.fasta,432,FAMX:RHD:RHD_OTHER,RHD,175.8,0.0,175.8,True,0.066
BG|tr|A0A6P2C7R5|A0A6P2C7R5_9ACTN,bg_rieske_oxy.fasta,460,FAMX:RHD:RHD_OTHER,RHD,175.6,0.0,175.6,True,0.063
BG|tr|A0ABT9UGK3|A0ABT9UGK3_9MICC,bg_rieske_oxy.fasta,434,FAMX:RHD:RHD_OTHER,RHD,175.5,0.0,175.5,True,0.066
BG|tr|A0ABU5QWR2|A0ABU5QWR2_9PSEU,bg_rieske_oxy.fasta,373,FAMX:RHD:RHD_OTHER,RHD,175.5,0.0,175.5,True,0.074
BG|tr|X5M687|X5M687_9HYPH,bg_rieske_oxy.fasta,395,FAMX:RHD:RHD_OTHER,RHD,175.1,0.0,175.1,True,0.058
BG|tr|A0ABP7B4A4|A0ABP7B4A4_9ACTN,bg_rieske_oxy.fasta,414,FAMX:RHD:RHD_OTHER,RHD,175.0,0.0,175.0,True,0.065
BG|tr|A0A0B1ZRK2|A0A0B1ZRK2_9SPHN,bg_rieske_oxy.fasta,448,FAMX:RHD:RHD_OTHER,RHD,174.7,0.0,174.7,True,0.068
BG|tr|A0A1I6NTU9|A0A1I6NTU9_9PSEU,bg_rieske_oxy.fasta,373,FAMX:RHD:RHD_OTHER,RHD,174.6,0.0,174.6,True,0.058
BG|tr|A0ABU8RQ74|A0ABU8RQ74_9SPHN,bg_rieske_oxy.fasta,415,FAMX:RHD:RHD_OTHER,RHD,174.5,0.0,174.5,True,0.057
BG|tr|A0ABX4JSY0|A0ABX4JSY0_9HYPH,bg_rieske_oxy.fasta,417,FAMX:RHD:RHD_OTHER,RHD,174.3,0.0,174.3,True,0.062
BG|tr|A0ABU3AX76|A0ABU3AX76_9ACTN,bg_rieske_oxy.fasta,374,FAMX:RHD:RHD_OTHER,RHD,174.0,0.0,174.0,True,0.072
BG|tr|A0A1B7LXS9|A0A1B7LXS9_9MICC,bg_rieske_oxy.fasta,432,FAMX:RHD:RHD_OTHER,RHD,174.0,0.0,174.0,True,0.071
BG|tr|A0ABV6UMW0|A0ABV6UMW0_9ACTN,bg_rieske_oxy.fasta,426,FAMX:RHD:RHD_OTHER,RHD,173.9,0.0,173.9,False,0.074
BG|tr|A0A2G4YQP7|A0A2G4YQP7_9PROT,bg_rieske_oxy.fasta,419,FAMX:RHD:RHD_OTHER,RHD,173.9,0.0,173.9,True,0.062
BG|tr|A0A5E4UYG6|A0A5E4UYG6_9BURK,bg_rieske_oxy.fasta,418,FAMX:RHD:RHD_OTHER,RHD,173.5,0.0,173.5,True,0.072
BG|tr|A0ABQ1F3I3|A0ABQ1F3I3_SPHSA,bg_rieske_oxy.fasta,411,FAMX:RHD:RHD_OTHER,RHD,173.4,0.0,173.4,False,0.06
BG|tr|A0A9X2M2P2|A0A9X2M2P2_STRMQ,bg_rieske_oxy.fasta,385,FAMX:RHD:RHD_OTHER,RHD,173.2,0.0,173.2,True,0.072
BG|tr|A0ABR5FBE0|A0ABR5FBE0_9MYCO,bg_rieske_oxy.fasta,464,FAMX:RHD:RHD_OTHER,RHD,172.7,0.0,172.7,True,0.066
BG|tr|A0A437GUA1|A0A437GUA1_9SPHN,bg_rieske_oxy.fasta,393,FAMX:RHD:RHD_OTHER,RHD,172.5,0.0,172.5,True,0.057
BG|tr|A0A1I5ZXQ9|A0A1I5ZXQ9_9PSEU,bg_rieske_oxy.fasta,374,FAMX:RHD:RHD_OTHER,RHD,172.4,0.0,172.4,True,0.068
BG|tr|A0ABR6KZZ1|A0ABR6KZZ1_9HYPH,bg_rieske_oxy.fasta,452,FAMX:RHD:RHD_OTHER,RHD,172.1,0.0,172.1,True,0.058
BG|tr|A0A975KB27|A0A975KB27_9SPHN,bg_rieske_oxy.fasta,408,FAMX:RHD:RHD_OTHER,RHD,171.6,0.0,171.6,True,0.058
BG|tr|A0A916TVL5|A0A916TVL5_9SPHN,bg_rieske_oxy.fasta,397,FAMX:RHD:RHD_OTHER,RHD,170.1,0.0,170.1,True,0.063
BG|tr|A0A7S8F392|A0A7S8F392_9SPHN,bg_rieske_oxy.fasta,388,FAMX:RHD:RHD_OTHER,RHD,169.8,0.0,169.8,True,0.066
BG|tr|A0A439DTI3|A0A439DTI3_9MYCO,bg_rieske_oxy.fasta,447,FAMX:RHD:RHD_OTHER,RHD,169.2,0.0,169.2,False,0.059
BG|tr|A0A3A3G8R6|A0A3A3G8R6_9BURK,bg_rieske_oxy.fasta,455,FAMX:RHD:RHD_OTHER,RHD,169.2,0.0,169.2,True,0.066
BG|tr|A0A916Y788|A0A916Y788_9SPHN,bg_rieske_oxy.fasta,395,FAMX:RHD:RHD_OTHER,RHD,169.1,0.0,169.1,True,0.06
BG|tr|A0ABU3EIM9|A0ABU3EIM9_9RHOB,bg_rieske_oxy.fasta,386,FAMX:RHD:RHD_OTHER,RHD,168.9,0.0,168.9,True,0.054
BG|tr|A0A0U1DG53|A0A0U1DG53_9MYCO,bg_rieske_oxy.fasta,424,FAMX:RHD:RHD_OTHER,RHD,168.8,0.0,168.8,False,0.062
BG|tr|A0ABT0BTX0|A0ABT0BTX0_9SPHN,bg_rieske_oxy.fasta,475,FAMX:RHD:RHD_OTHER,RHD,167.6,0.0,167.6,True,0.051
MGYG000490818|MGYG000490818_02757,mgnify:MGYG000490818,369,FAMX:RHD:RHD_OTHER,RHD,167.4,0.0,167.4,True,0.058
BG|tr|A0AAP7LAK8|A0AAP7LAK8_9MYCO,bg_rieske_oxy.fasta,421,FAMX:RHD:RHD_OTHER,RHD,167.1,0.0,167.1,False,0.061
BG|tr|A0ABX0XJ48|A0ABX0XJ48_9SPHN,bg_rieske_oxy.fasta,442,FAMX:RHD:RHD_OTHER,RHD,166.9,0.0,166.9,True,0.061
BG|tr|A0ABT5WR65|A0ABT5WR65_9SPHN,bg_rieske_oxy.fasta,449,FAMX:RHD:RHD_OTHER,RHD,166.7,0.0,166.7,True,0.065
BG|tr|A0A8J3PJB9|A0A8J3PJB9_9ACTN,bg_rieske_oxy.fasta,374,FAMX:RHD:RHD_OTHER,RHD,166.1,0.0,166.1,True,0.068
BG|tr|A0A839ZE66|A0A839ZE66_9HYPH,bg_rieske_oxy.fasta,385,FAMX:RHD:RHD_OTHER,RHD,166.1,0.0,166.1,True,0.071
BG|tr|A0A6L6WLG2|A0A6L6WLG2_9RHOB,bg_rieske_oxy.fasta,378,FAMX:RHD:RHD_OTHER,RHD,165.5,0.0,165.5,True,0.059
BG|tr|A0ABX1IXU8|A0ABX1IXU8_9PSEU,bg_rieske_oxy.fasta,444,FAMX:RHD:RHD_OTHER,RHD,165.1,0.0,165.1,True,0.065
BG|tr|A0ABS2A5E1|A0ABS2A5E1_9ACTN,bg_rieske_oxy.fasta,384,FAMX:RHD:RHD_OTHER,RHD,165.0,0.0,165.0,True,0.057
BG|tr|A0A848KEV8|A0A848KEV8_9NOCA,bg_rieske_oxy.fasta,396,FAMX:RHD:RHD_OTHER,RHD,164.7,0.0,164.7,True,0.064
BG|tr|A0A1X0D4P4|A0A1X0D4P4_9MYCO,bg_rieske_oxy.fasta,444,FAMX:RHD:RHD_OTHER,RHD,164.5,0.0,164.5,False,0.049
BG|tr|A0A158IMZ3|A0A158IMZ3_9BURK,bg_rieske_oxy.fasta,420,FAMX:RHD:RHD_OTHER,RHD,164.3,0.0,164.3,True,0.063
BG|tr|A0ABT8HMA4|A0ABT8HMA4_MYCAO,bg_rieske_oxy.fasta,423,FAMX:RHD:RHD_OTHER,RHD,164.0,0.0,164.0,False,0.059
BG|tr|A0A7I9ZTP8|A0A7I9ZTP8_9MYCO,bg_rieske_oxy.fasta,423,FAMX:RHD:RHD_OTHER,RHD,163.8,0.0,163.8,False,0.06
BG|tr|K0VNB3|K0VNB3_MYCVA,bg_rieske_oxy.fasta,423,FAMX:RHD:RHD_OTHER,RHD,163.4,0.0,163.4,False,0.068
BG|tr|A0A2W1DTC9|A0A2W1DTC9_PYRTN,bg_rieske_oxy.fasta,419,FAMX:RHD:RHD_OTHER,RHD,163.3,0.0,163.3,True,0.066
BG|tr|A0ABQ6A2A7|A0ABQ6A2A7_9PROT,bg_rieske_oxy.fasta,464,FAMX:RHD:RHD_OTHER,RHD,163.1,0.0,163.1,True,0.05
BG|tr|A0ABX4Y605|A0ABX4Y605_9PSED,bg_rieske_oxy.fasta,389,FAMX:RHD:RHD_OTHER,RHD,162.9,0.0,162.9,True,0.048
BG|tr|A0A1X0BLQ5|A0A1X0BLQ5_MYCCF,bg_rieske_oxy.fasta,421,FAMX:RHD:RHD_OTHER,RHD,162.4,0.0,162.4,False,0.058
BG|tr|A0A3R8R5Y0|A0A3R8R5Y0_9SPHN,bg_rieske_oxy.fasta,386,FAMX:RHD:RHD_OTHER,RHD,162.3,0.0,162.3,True,0.053
BG|tr|A0A124JTQ4|A0A124JTQ4_9SPHN,bg_rieske_oxy.fasta,392,FAMX:RHD:RHD_OTHER,RHD,161.1,0.0,161.1,True,0.054
BG|tr|A0A7W5ALJ5|A0A7W5ALJ5_9ACTN,bg_rieske_oxy.fasta,380,FAMX:RHD:RHD_OTHER,RHD,160.9,0.0,160.9,True,0.056
BG|tr|A0A5N6IM14|A0A5N6IM14_9EURO,bg_rieske_oxy.fasta,418,FAMX:RHD:RHD_OTHER,RHD,160.9,0.0,160.9,True,0.058
BG|tr|A0A1E3RWI3|A0A1E3RWI3_9MYCO,bg_rieske_oxy.fasta,421,FAMX:RHD:RHD_OTHER,RHD,160.5,0.0,160.5,False,0.054
BG|tr|A0ABU9SJ82|A0ABU9SJ82_9BURK,bg_rieske_oxy.fasta,452,FAMX:RHD:RHD_OTHER,RHD,160.5,0.0,160.5,True,0.061
BG|tr|A0A2R8C4F9|A0A2R8C4F9_9RHOB,bg_rieske_oxy.fasta,373,FAMX:RHD:RHD_OTHER,RHD,160.4,0.0,160.4,True,0.062
BG|tr|A0A1X0IGM4|A0A1X0IGM4_9MYCO,bg_rieske_oxy.fasta,428,FAMX:RHD:RHD_OTHER,RHD,160.0,0.0,160.0,False,0.065
BG|tr|A0ABY7TKM0|A0ABY7TKM0_9SPHN,bg_rieske_oxy.fasta,464,FAMX:RHD:RHD_OTHER,RHD,159.8,0.0,159.8,False,0.063
BG|tr|A0A7I9XR16|A0A7I9XR16_9MYCO,bg_rieske_oxy.fasta,431,FAMX:RHD:RHD_OTHER,RHD,159.6,0.0,159.6,False,0.058
BG|tr|A0A7X0MV12|A0A7X0MV12_9GAMM,bg_rieske_oxy.fasta,386,FAMX:RHD:RHD_OTHER,RHD,159.6,0.0,159.6,True,0.055
BG|tr|A0A2S5ZXP6|A0A2S5ZXP6_9NOCA,bg_rieske_oxy.fasta,389,FAMX:RHD:RHD_OTHER,RHD,159.3,0.0,159.3,True,0.062
BG|tr|A0ABR5FIN0|A0ABR5FIN0_9MYCO,bg_rieske_oxy.fasta,421,FAMX:RHD:RHD_OTHER,RHD,159.3,0.0,159.3,False,0.059
BG|tr|A0A344J8X9|A0A344J8X9_9GAMM,bg_rieske_oxy.fasta,356,FAMX:RHD:RHD_OTHER,RHD,158.9,0.0,158.9,True,0.061
BG|tr|A0A1X0DNM3|A0A1X0DNM3_MYCHE,bg_rieske_oxy.fasta,449,FAMX:RHD:RHD_OTHER,RHD,157.6,0.0,157.6,True,0.065
BG|tr|A0A8J3KCQ3|A0A8J3KCQ3_9ACTN,bg_rieske_oxy.fasta,377,FAMX:RHD:RHD_OTHER,RHD,157.5,0.0,157.5,True,0.062
BG|tr|A0A656QPQ2|A0A656QPQ2_9BURK,bg_rieske_oxy.fasta,418,FAMX:RHD:RHD_OTHER,RHD,156.9,0.0,156.9,True,0.059
BG|tr|A0ABV8T552|A0ABV8T552_9GAMM,bg_rieske_oxy.fasta,461,FAMX:RHD:RHD_OTHER,RHD,156.7,0.0,156.7,False,0.064
BG|tr|T0GJ19|T0GJ19_SPHWJ,bg_rieske_oxy.fasta,463,FAMX:RHD:RHD_OTHER,RHD,155.4,0.0,155.4,True,0.059
BG|tr|A0A1V6NWY0|A0A1V6NWY0_PENDC,bg_rieske_oxy.fasta,435,FAMX:RHD:RHD_OTHER,RHD,154.9,0.0,154.9,True,0.06
BG|tr|A0A2U3P6M9|A0A2U3P6M9_9MYCO,bg_rieske_oxy.fasta,447,FAMX:RHD:RHD_OTHER,RHD,154.8,0.0,154.8,True,0.065
BG|tr|A0A4Y9ERD7|A0A4Y9ERD7_9SPHN,bg_rieske_oxy.fasta,456,FAMX:RHD:RHD_OTHER,RHD,154.8,0.0,154.8,True,0.056
BG|tr|A0ABV2WYM2|A0ABV2WYM2_9NOCA,bg_rieske_oxy.fasta,484,FAMX:RHD:RHD_OTHER,RHD,154.6,0.0,154.6,True,0.066
BG|tr|A0A5C9A2W3|A0A5C9A2W3_9GAMM,bg_rieske_oxy.fasta,465,FAMX:RHD:RHD_OTHER,RHD,154.5,0.0,154.5,True,0.058
BG|tr|A0ABQ9PAV5|A0ABQ9PAV5_9PEZI,bg_rieske_oxy.fasta,425,FAMX:RHD:RHD_OTHER,RHD,154.5,0.0,154.5,True,0.056
BG|tr|A0A163L4C1|A0A163L4C1_DIDRA,bg_rieske_oxy.fasta,417,FAMX:RHD:RHD_OTHER,RHD,154.1,0.0,154.1,True,0.062
BG|tr|A0ABR9K2M6|A0ABR9K2M6_9ACTN,bg_rieske_oxy.fasta,411,FAMX:RHD:RHD_OTHER,RHD,154.1,0.0,154.1,False,0.063
BG|tr|A0A485KYE6|A0A485KYE6_9STRA,bg_rieske_oxy.fasta,467,FAMX:RHD:RHD_OTHER,RHD,153.8,0.0,153.8,True,0.064
BG|tr|A0A9X0BEE5|A0A9X0BEE5_9EURO,bg_rieske_oxy.fasta,413,FAMX:RHD:RHD_OTHER,RHD,153.7,0.0,153.7,True,0.055
BG|tr|A0A9X1QKM9|A0A9X1QKM9_9SPHN,bg_rieske_oxy.fasta,390,FAMX:RHD:RHD_OTHER,RHD,153.5,0.0,153.5,True,0.065
BG|tr|A0A9W4UQZ4|A0A9W4UQZ4_9PLEO,bg_rieske_oxy.fasta,414,FAMX:RHD:RHD_OTHER,RHD,153.5,0.0,153.5,True,0.056
BG|tr|A0A839IT74|A0A839IT74_9GAMM,bg_rieske_oxy.fasta,396,FAMX:RHD:RHD_OTHER,RHD,152.9,0.0,152.9,True,0.051
BG|tr|A0A9Y2F6M4|A0A9Y2F6M4_9SPHN,bg_rieske_oxy.fasta,472,FAMX:RHD:RHD_OTHER,RHD,152.8,0.0,152.8,True,0.061
BG|tr|A0ABT4MNE0|A0ABT4MNE0_GORRU,bg_rieske_oxy.fasta,392,FAMX:RHD:RHD_OTHER,RHD,152.8,0.0,152.8,True,0.065
BG|tr|W9VRT9|W9VRT9_9EURO,bg_rieske_oxy.fasta,451,FAMX:RHD:RHD_OTHER,RHD,151.9,0.0,151.9,True,0.057
BG|tr|A0A9P8Y2Z5|A0A9P8Y2Z5_9PEZI,bg_rieske_oxy.fasta,419,FAMX:RHD:RHD_OTHER,RHD,151.3,0.0,151.3,True,0.058
BG|tr|A0A7I9YSE1|A0A7I9YSE1_MYCBU,bg_rieske_oxy.fasta,428,FAMX:RHD:RHD_OTHER,RHD,150.0,0.0,150.0,False,0.064
BG|tr|A0ACG5F862|A0ACG5F862_9MYCO,bg_rieske_oxy.fasta,456,FAMX:RHD:RHD_OTHER,RHD,150.0,0.0,150.0,False,0.053
BG|tr|A0AAN9L8N1|A0AAN9L8N1_CANGL,bg_rieske_oxy.fasta,416,FAMX:RHD:RHD_OTHER,RHD,149.9,0.0,149.9,True,0.051
BG|tr|A0A1Q4HFV7|A0A1Q4HFV7_9MYCO,bg_rieske_oxy.fasta,468,FAMX:RHD:RHD_OTHER,RHD,149.8,0.0,149.8,True,0.058
BG|tr|A0AAD9WXI7|A0AAD9WXI7_9ROSI,bg_rieske_oxy.fasta,406,FAMX:RHD:RHD_OTHER,RHD,149.8,0.0,149.8,True,0.053
BG|tr|A0A1E3S6R9|A0A1E3S6R9_MYCIE,bg_rieske_oxy.fasta,428,FAMX:RHD:RHD_OTHER,RHD,149.7,0.0,149.7,False,0.07
BG|tr|A0A375YIR0|A0A375YIR0_MYCPF,bg_rieske_oxy.fasta,393,FAMX:RHD:RHD_OTHER,RHD,149.4,0.0,149.4,True,0.06
BG|tr|A0ABV3RBA2|A0ABV3RBA2_9SPHN,bg_rieske_oxy.fasta,453,FAMX:RHD:RHD_OTHER,RHD,149.2,0.0,149.2,False,0.061
BG|tr|A0A6P5SP34|A0A6P5SP34_PRUAV,bg_rieske_oxy.fasta,414,FAMX:RHD:RHD_OTHER,RHD,148.7,0.0,148.7,True,0.055
BG|tr|A0ABZ2XC75|A0ABZ2XC75_9HYPO,bg_rieske_oxy.fasta,456,FAMX:RHD:RHD_OTHER,RHD,148.5,0.0,148.5,True,0.063
BG|tr|Q4FL71|Q4FL71_PELUB,bg_rieske_oxy.fasta,397,FAMX:RHD:RHD_OTHER,RHD,148.4,0.0,148.4,True,0.043
BG|tr|A0ABV7L4U9|A0ABV7L4U9_9PROT,bg_rieske_oxy.fasta,382,FAMX:RHD:RHD_OTHER,RHD,148.1,0.0,148.1,True,0.064
BG|tr|A0A6J4GZ63|A0A6J4GZ63_9FLAO,bg_rieske_oxy.fasta,361,FAMX:RHD:RHD_OTHER,RHD,147.9,0.0,147.9,True,0.055
BG|tr|A0A1I5MRL5|A0A1I5MRL5_9PSED,bg_rieske_oxy.fasta,396,FAMX:RHD:RHD_OTHER,RHD,147.5,0.0,147.5,True,0.052
BG|tr|A0A1V6UJ74|A0A1V6UJ74_9EURO,bg_rieske_oxy.fasta,413,FAMX:RHD:RHD_OTHER,RHD,147.3,0.0,147.3,True,0.06
BG|tr|A0ABQ9NLG9|A0ABQ9NLG9_9PEZI,bg_rieske_oxy.fasta,418,FAMX:RHD:RHD_OTHER,RHD,147.1,0.0,147.1,True,0.053
BG|tr|A0ABT8X7L2|A0ABT8X7L2_9HYPH,bg_rieske_oxy.fasta,397,FAMX:RHD:RHD_OTHER,RHD,146.7,0.0,146.7,True,0.052
BG|tr|A0AB40AM45|A0AB40AM45_DIOCR,bg_rieske_oxy.fasta,397,FAMX:RHD:RHD_OTHER,RHD,146.2,0.0,146.2,True,0.054
BG|tr|A0ABX8I4C5|A0ABX8I4C5_9ASCO,bg_rieske_oxy.fasta,441,FAMX:RHD:RHD_OTHER,RHD,146.1,0.0,146.1,True,0.065
BG|tr|A0ABX1S6Z3|A0ABX1S6Z3_9PSEU,bg_rieske_oxy.fasta,400,FAMX:RHD:RHD_OTHER,RHD,145.7,0.0,145.7,False,0.054
BG|tr|A0AA35M9S7|A0AA35M9S7_9HYPO,bg_rieske_oxy.fasta,416,FAMX:RHD:RHD_OTHER,RHD,144.3,0.0,144.3,True,0.062
BG|tr|A0A840VNN8|A0A840VNN8_9PROT,bg_rieske_oxy.fasta,376,FAMX:RHD:RHD_OTHER,RHD,144.3,0.0,144.3,True,0.053
BG|tr|A0A2C9VM70|A0A2C9VM70_MANES,bg_rieske_oxy.fasta,417,FAMX:RHD:RHD_OTHER,RHD,144.2,0.0,144.2,True,0.06
BG|tr|I4BP46|I4BP46_MYCCN,bg_rieske_oxy.fasta,460,FAMX:RHD:RHD_OTHER,RHD,143.9,0.0,143.9,False,0.057
BG|tr|A0A061EJU4|A0A061EJU4_THECC,bg_rieske_oxy.fasta,407,FAMX:RHD:RHD_OTHER,RHD,143.8,0.0,143.8,True,0.054
BG|tr|A0A2K2FUC5|A0A2K2FUC5_9SPHN,bg_rieske_oxy.fasta,471,FAMX:RHD:RHD_OTHER,RHD,143.7,0.0,143.7,False,0.056
BG|tr|A0A330HCU0|A0A330HCU0_9HYPH,bg_rieske_oxy.fasta,400,FAMX:RHD:RHD_OTHER,RHD,143.6,0.0,143.6,True,0.057
BG|tr|A0ACH2MC72|A0ACH2MC72_9XANT,bg_rieske_oxy.fasta,381,FAMX:RHD:RHD_OTHER,RHD,143.5,0.0,143.5,True,0.056
BG|tr|A0A8J3B5P9|A0A8J3B5P9_9BURK,bg_rieske_oxy.fasta,381,FAMX:RHD:RHD_OTHER,RHD,143.5,0.0,143.5,True,0.048
BG|tr|A0ABD1WW32|A0ABD1WW32_9LAMI,bg_rieske_oxy.fasta,445,FAMX:RHD:RHD_OTHER,RHD,143.4,0.0,143.4,True,0.058
BG|tr|A0A9P4YZD4|A0A9P4YZD4_9HYPO,bg_rieske_oxy.fasta,419,FAMX:RHD:RHD_OTHER,RHD,142.9,0.0,142.9,True,0.058
BG|tr|A0A1X1RPJ3|A0A1X1RPJ3_MYCCE,bg_rieske_oxy.fasta,451,FAMX:RHD:RHD_OTHER,RHD,142.8,0.0,142.8,False,0.056
BG|tr|Q7UKH7|Q7UKH7_RHOBA,bg_rieske_oxy.fasta,387,FAMX:RHD:RHD_OTHER,RHD,142.5,0.0,142.5,True,0.055
BG|tr|A0A4Q4ZII6|A0A4Q4ZII6_9ACTN,bg_rieske_oxy.fasta,382,FAMX:RHD:RHD_OTHER,RHD,142.2,0.0,142.2,True,0.064
BG|tr|A0A0G4PM70|A0A0G4PM70_PENC3,bg_rieske_oxy.fasta,405,FAMX:RHD:RHD_OTHER,RHD,141.9,0.0,141.9,True,0.057
BG|tr|A0ABT5WUJ9|A0ABT5WUJ9_9SPHN,bg_rieske_oxy.fasta,476,FAMX:RHD:RHD_OTHER,RHD,141.0,0.0,141.0,False,0.057
BG|tr|A0AAC8YXC7|A0AAC8YXC7_SPHMC,bg_rieske_oxy.fasta,392,FAMX:RHD:RHD_OTHER,RHD,140.7,0.0,140.7,True,0.07
BG|tr|A0A8T9B4V7|A0A8T9B4V7_9HELO,bg_rieske_oxy.fasta,427,FAMX:RHD:RHD_OTHER,RHD,140.6,0.0,140.6,True,0.066
BG|tr|A0A365UCR7|A0A365UCR7_9RHOB,bg_rieske_oxy.fasta,385,FAMX:RHD:RHD_OTHER,RHD,140.2,0.0,140.2,True,0.064
BG|tr|A0A0D5YF42|A0A0D5YF42_ACIBA,bg_rieske_oxy.fasta,396,FAMX:RHD:RHD_OTHER,RHD,140.2,0.0,140.2,True,0.047
BG|tr|A0ACC6MQD4|A0ACC6MQD4_MYCPF,bg_rieske_oxy.fasta,468,FAMX:RHD:RHD_OTHER,RHD,140.1,0.0,140.1,True,0.053
BG|tr|A0ABY7U3X5|A0ABY7U3X5_9SPHN,bg_rieske_oxy.fasta,489,FAMX:RHD:RHD_OTHER,RHD,140.0,0.0,140.0,True,0.069
BG|tr|A0ABM4WNY3|A0ABM4WNY3_COFAR,bg_rieske_oxy.fasta,434,FAMX:RHD:RHD_OTHER,RHD,139.6,0.0,139.6,True,0.058
BG|tr|A0ABV6ZV72|A0ABV6ZV72_9PROT,bg_rieske_oxy.fasta,356,FAMX:RHD:RHD_OTHER,RHD,139.5,0.0,139.5,True,0.059
BG|tr|A0ABZ1N3L9|A0ABZ1N3L9_9NOCA,bg_rieske_oxy.fasta,435,FAMX:RHD:RHD_OTHER,RHD,139.1,0.0,139.1,True,0.064
BG|tr|A0ABM9DVM7|A0ABM9DVM7_9HYPH,bg_rieske_oxy.fasta,400,FAMX:RHD:RHD_OTHER,RHD,139.0,0.0,139.0,True,0.057
BG|tr|A0A225NLV7|A0A225NLV7_9RHOB,bg_rieske_oxy.fasta,376,FAMX:RHD:RHD_OTHER,RHD,139.0,0.0,139.0,True,0.059
BG|tr|A0AAV9J4Y3|A0AAV9J4Y3_9PEZI,bg_rieske_oxy.fasta,380,FAMX:RHD:RHD_OTHER,RHD,138.7,0.0,138.7,True,0.055
BG|tr|A0ACF5ARK5|A0ACF5ARK5_9ASCO,bg_rieske_oxy.fasta,451,FAMX:RHD:RHD_OTHER,RHD,138.7,0.0,138.7,True,0.055
BG|tr|A0A840WKG2|A0A840WKG2_9RHOB,bg_rieske_oxy.fasta,384,FAMX:RHD:RHD_OTHER,RHD,138.4,0.0,138.4,True,0.06
BG|tr|A0ABQ9PWW3|A0ABQ9PWW3_9PEZI,bg_rieske_oxy.fasta,395,FAMX:RHD:RHD_OTHER,RHD,138.4,0.0,138.4,True,0.064
BG|tr|A0A7I7X776|A0A7I7X776_9MYCO,bg_rieske_oxy.fasta,464,FAMX:RHD:RHD_OTHER,RHD,137.6,0.0,137.6,False,0.061
BG|tr|A0A4R5VFY2|A0A4R5VFY2_9RHOB,bg_rieske_oxy.fasta,386,FAMX:RHD:RHD_OTHER,RHD,137.6,0.0,137.6,True,0.055
BG|tr|A0A8J3GYP0|A0A8J3GYP0_9RHOB,bg_rieske_oxy.fasta,402,FAMX:RHD:RHD_OTHER,RHD,137.4,0.0,137.4,True,0.067
BG|tr|A0A829HIX8|A0A829HIX8_9GAMM,bg_rieske_oxy.fasta,396,FAMX:RHD:RHD_OTHER,RHD,137.0,0.0,137.0,True,0.045
