cluster,rep_id,cls,n_members,margin,score,source,rieske_motif,max_jaccard_vs_canon,gate3_status
IND-C001,BG|tr|Q75W73|Q75W73_9HYPH,RHD,1,777.1,777.1,bg_rieske_oxy.fasta,True,0.203,NOVEL
IND-C002,BG|tr|A0ABV0HMU8|A0ABV0HMU8_9ENTR,RHD,1,576.8,576.8,bg_rieske_oxy.fasta,True,0.752,HOMOLOG-OF-CANON
IND-C003,BG|tr|A0A149PFH2|A0A149PFH2_9BURK,RHD,1,564.6,564.6,bg_rieske_oxy.fasta,True,0.059,NOVEL
IND-C004,BG|tr|A0ABR9P133|A0ABR9P133_9ACTN,RHD,1,562.3,562.3,bg_rieske_oxy.fasta,True,0.128,NOVEL
IND-C005,BG|tr|A0AA37H9X9|A0AA37H9X9_9HYPH,RHD,1,562.3,562.3,bg_rieske_oxy.fasta,True,0.055,NOVEL
IND-C006,BG|tr|A0ABT1QJY3|A0ABT1QJY3_9NOCA,RHD,1,558.4,558.4,bg_rieske_oxy.fasta,True,0.057,NOVEL
IND-C007,BG|tr|A0A238K6P7|A0A238K6P7_9RHOB,RHD,1,558.0,558.0,bg_rieske_oxy.fasta,True,0.062,NOVEL
IND-C008,BG|tr|A0A076NQM4|A0A076NQM4_9CORY,RHD,1,557.1,557.1,bg_rieske_oxy.fasta,True,0.108,NOVEL
IND-C009,BG|tr|A0A3N6MW60|A0A3N6MW60_9BURK,RHD,1,556.4,556.4,bg_rieske_oxy.fasta,True,0.454,NOVEL
IND-C010,BG|tr|A0A4P8HLQ0|A0A4P8HLQ0_9BURK,RHD,1,556.2,556.2,bg_rieske_oxy.fasta,True,0.052,NOVEL
IND-C011,BG|tr|A0A1M4V8D6|A0A1M4V8D6_9GAMM,RHD,1,554.7,554.7,bg_rieske_oxy.fasta,True,0.051,NOVEL
IND-C012,BG|tr|A0ABQ2DPT0|A0ABQ2DPT0_9MICC,RHD,2,554.2,554.2,bg_rieske_oxy.fasta,True,0.055,NOVEL
IND-C013,BG|tr|A0A101UVV8|A0A101UVV8_9ACTN,RHD,1,554.0,554.0,bg_rieske_oxy.fasta,True,0.127,NOVEL
IND-C014,BG|tr|A0A059ZN19|A0A059ZN19_ACIBA,RHD,1,553.9,553.9,bg_rieske_oxy.fasta,True,0.055,NOVEL
IND-C015,BG|tr|A0ABP8PRI8|A0ABP8PRI8_9NOCA,RHD,1,553.9,553.9,bg_rieske_oxy.fasta,True,0.056,NOVEL
IND-C016,BG|tr|A0A1H2MWH9|A0A1H2MWH9_9PSED,RHD,1,553.8,553.8,bg_rieske_oxy.fasta,True,0.052,NOVEL
IND-C017,BG|tr|A0A438BKP0|A0A438BKP0_9NOCA,RHD,1,552.0,552.0,bg_rieske_oxy.fasta,True,0.109,NOVEL
IND-C018,BG|tr|Q2T826|Q2T826_BURTA,RHD,1,551.9,551.9,bg_rieske_oxy.fasta,True,0.056,NOVEL
IND-C019,BG|tr|A0ABM7PXD5|A0ABM7PXD5_SINCY,RHD,1,549.3,560.8,bg_rieske_oxy.fasta,True,0.07,NOVEL
IND-C020,BG|tr|A0A939GY85|A0A939GY85_9BURK,RHD,1,548.3,548.3,bg_rieske_oxy.fasta,True,0.051,NOVEL
IND-C021,BG|tr|Q9I0W4|Q9I0W4_PSEAE,RHD,1,547.9,547.9,bg_rieske_oxy.fasta,True,0.054,NOVEL
IND-C022,BG|tr|A0AAW5HU82|A0AAW5HU82_9CORY,RHD,1,546.0,546.0,bg_rieske_oxy.fasta,True,0.11,NOVEL
IND-C023,BG|tr|A0A1V2DTW8|A0A1V2DTW8_9GAMM,RHD,1,538.5,538.5,bg_rieske_oxy.fasta,True,0.061,NOVEL
IND-C024,BG|tr|A0A2N7UJ67|A0A2N7UJ67_9GAMM,RHD,1,538.3,538.3,bg_rieske_oxy.fasta,True,0.067,NOVEL
IND-C025,BG|tr|A0ABY1FKU2|A0ABY1FKU2_9GAMM,RHD,1,537.4,537.4,bg_rieske_oxy.fasta,True,0.068,NOVEL
IND-C026,BG|tr|A0A3P8JKU4|A0A3P8JKU4_KLETE,RHD,1,536.4,536.4,bg_rieske_oxy.fasta,True,0.067,NOVEL
IND-C027,BG|tr|A0A2N0H3Q6|A0A2N0H3Q6_9SPHN,RHD,2,535.3,535.3,bg_rieske_oxy.fasta,True,0.076,NOVEL
IND-C028,BG|tr|A0A846TNL6|A0A846TNL6_9MICC,RHD,1,530.7,530.7,bg_rieske_oxy.fasta,True,0.059,NOVEL
IND-C029,BG|tr|A0A9Q9SNG1|A0A9Q9SNG1_9BURK,RHD,1,530.5,530.5,bg_rieske_oxy.fasta,True,0.058,NOVEL
IND-C030,BG|tr|A0ABW2HF70|A0ABW2HF70_9MICO,RHD,1,525.3,525.3,bg_rieske_oxy.fasta,True,0.097,NOVEL
IND-C031,BG|tr|A0A5D0UJA8|A0A5D0UJA8_9ACTN,RHD,1,519.9,519.9,bg_rieske_oxy.fasta,True,0.096,NOVEL
IND-C032,BG|tr|Q934B6|Q934B6_RHOJR,RHD,1,518.1,518.1,bg_rieske_oxy.fasta,True,0.081,NOVEL
IND-C033,BG|tr|A0A2K2G0K4|A0A2K2G0K4_9SPHN,RHD,1,505.1,505.1,bg_rieske_oxy.fasta,True,0.102,NOVEL
IND-C034,BG|tr|A0A562KKN7|A0A562KKN7_SPHWJ,RHD,1,492.4,492.4,bg_rieske_oxy.fasta,True,0.095,NOVEL
IND-C035,BG|tr|A0ABW2S4T9|A0ABW2S4T9_9NOCA,RHD,1,490.3,490.3,bg_rieske_oxy.fasta,True,0.107,NOVEL
IND-C036,BG|tr|A0ABW3VT00|A0ABW3VT00_9PSEU,RHD,1,486.0,486.0,bg_rieske_oxy.fasta,True,0.09,NOVEL
IND-C037,BG|tr|A0A0B1ZUU5|A0A0B1ZUU5_9SPHN,RHD,1,477.8,477.8,bg_rieske_oxy.fasta,True,0.115,NOVEL
IND-C038,BG|tr|A0ABY1QWW5|A0ABY1QWW5_9SPHN,RHD,1,477.3,477.3,bg_rieske_oxy.fasta,True,0.062,NOVEL
IND-C039,BG|tr|A0ABW0G974|A0ABW0G974_9PROT,RHD,1,471.5,471.5,bg_rieske_oxy.fasta,True,0.082,NOVEL
IND-C040,BG|tr|I0CL65|I0CL65_9BACT,RHD,1,467.9,467.9,bg_rieske_oxy.fasta,True,0.075,NOVEL
IND-C041,BG|tr|A0A852VY74|A0A852VY74_PSEA5,RHD,1,467.4,467.4,bg_rieske_oxy.fasta,True,0.07,NOVEL
IND-C042,BG|tr|A0A1H6J885|A0A1H6J885_MYCRU,RHD,1,466.7,466.7,bg_rieske_oxy.fasta,True,0.077,NOVEL
IND-C043,BG|tr|A0ABX8UE68|A0ABX8UE68_9ACTN,RHD,1,460.9,460.9,bg_rieske_oxy.fasta,True,0.084,NOVEL
IND-C044,BG|tr|A0ABV2WR00|A0ABV2WR00_9NOCA,RHD,1,457.9,457.9,bg_rieske_oxy.fasta,True,0.076,NOVEL
IND-C045,BG|tr|A0A934UTS5|A0A934UTS5_9MICO,RHD,1,457.8,457.8,bg_rieske_oxy.fasta,True,0.083,NOVEL
IND-C046,BG|tr|A0ABQ0KRX9|A0ABQ0KRX9_MYCNV,RHD,1,457.3,457.3,bg_rieske_oxy.fasta,True,0.081,NOVEL
IND-C047,BG|tr|A0ABQ1BL04|A0ABQ1BL04_9MYCO,RHD,1,448.2,448.2,bg_rieske_oxy.fasta,True,0.073,NOVEL
IND-C048,BG|tr|A0ABN6ISY1|A0ABN6ISY1_9MYCO,RHD,1,446.0,446.0,bg_rieske_oxy.fasta,True,0.066,NOVEL
IND-C049,BG|tr|A0A1I5PX20|A0A1I5PX20_9GAMM,RHD,1,445.5,445.5,bg_rieske_oxy.fasta,True,0.057,NOVEL
IND-C050,BG|tr|A0ABP7MVV7|A0ABP7MVV7_9GAMM,HLD,1,443.0,443.0,bg_dehalogenase_like.fasta,,0.135,NOVEL
IND-C051,BG|tr|A0A064CBC8|A0A064CBC8_9MYCO,RHD,1,428.7,428.7,bg_rieske_oxy.fasta,True,0.077,NOVEL
IND-C052,BG|tr|A0A2M9YN64|A0A2M9YN64_9LEPT,HLD,1,422.5,422.5,bg_dehalogenase_like.fasta,,0.147,NOVEL
IND-C053,BG|tr|A0A2U1K4Q3|A0A2U1K4Q3_9BACI,RHD,1,421.2,421.2,bg_rieske_oxy.fasta,True,0.061,NOVEL
IND-C054,BG|tr|A0A7K0CKW3|A0A7K0CKW3_9ACTN,RHD,1,413.7,413.7,bg_rieske_oxy.fasta,True,0.085,NOVEL
IND-C055,BG|tr|A0A543IBY3|A0A543IBY3_9ACTN,HLD,1,407.3,407.3,bg_dehalogenase_like.fasta,,0.173,NOVEL
IND-C056,MGYG000490812|MGYG000490812_01835,HLD,1,404.8,404.8,mgnify:MGYG000490812,,0.161,NOVEL
IND-C057,BG|tr|A0A1X1ZSA7|A0A1X1ZSA7_9MYCO,HLD,1,401.8,401.8,bg_dehalogenase_like.fasta,,0.156,NOVEL
IND-C058,MGYG000490814|MGYG000490814_02176,HLD,1,395.5,395.5,mgnify:MGYG000490814,,0.184,NOVEL
IND-C059,BG|tr|A0A418MWQ9|A0A418MWQ9_9ACTN,RHD,1,391.9,391.9,bg_rieske_oxy.fasta,True,0.067,NOVEL
IND-C060,BG|tr|A0ABV8I7J0|A0ABV8I7J0_9ACTN,HLD,1,382.2,382.2,bg_dehalogenase_like.fasta,,0.173,NOVEL
IND-C061,BG|tr|A0AA35W3E7|A0AA35W3E7_GEOBA,RHD,1,381.8,381.8,bg_rieske_oxy.fasta,True,0.074,NOVEL
IND-C062,BG|tr|M0M069|M0M069_9EURY,HLD,1,381.3,381.3,bg_dehalogenase_like.fasta,,0.112,NOVEL
IND-C063,BG|tr|Q2T811|Q2T811_BURTA,RHD,1,379.0,379.0,bg_rieske_oxy.fasta,True,0.058,NOVEL
IND-C064,BG|tr|A0A323UVE5|A0A323UVE5_9RHOO,RHD,1,377.3,377.3,bg_rieske_oxy.fasta,True,0.062,NOVEL
IND-C065,BG|tr|A0ACG4YXW2|A0ACG4YXW2_CUPNE,RHD,1,363.5,363.5,bg_rieske_oxy.fasta,True,0.054,NOVEL
IND-C066,BG|tr|A0A1I3Z5K6|A0A1I3Z5K6_9PROT,RHD,1,362.2,362.2,bg_rieske_oxy.fasta,True,0.056,NOVEL
IND-C067,BG|tr|A0A0G3YZ83|A0A0G3YZ83_9BURK,RHD,2,362.1,362.1,bg_rieske_oxy.fasta,True,0.07,NOVEL
IND-C068,BG|tr|A0A917VXE9|A0A917VXE9_9NOCA,RHD,1,358.1,358.1,bg_rieske_oxy.fasta,True,0.075,NOVEL
IND-C069,BG|tr|A0A0U1DPB4|A0A0U1DPB4_9MYCO,RHD,1,357.6,357.6,bg_rieske_oxy.fasta,True,0.067,NOVEL
IND-C070,BG|tr|A0ABR9L1Z8|A0ABR9L1Z8_9PSEU,RHD,1,357.4,357.4,bg_rieske_oxy.fasta,True,0.059,NOVEL
IND-C071,BG|tr|A0A1I4UCI6|A0A1I4UCI6_PSUAM,RHD,1,357.2,357.2,bg_rieske_oxy.fasta,True,0.064,NOVEL
IND-C072,BG|tr|G6YS28|G6YS28_9GAMM,RHD,1,354.6,354.6,bg_rieske_oxy.fasta,True,0.069,NOVEL
IND-C073,BG|tr|A0A1B1YVA2|A0A1B1YVA2_9GAMM,RHD,1,354.0,354.0,bg_rieske_oxy.fasta,True,0.07,NOVEL
IND-C074,BG|tr|X0PQG0|X0PQG0_RHOWR,RHD,1,351.5,351.5,bg_rieske_oxy.fasta,True,0.074,NOVEL
IND-C075,BG|tr|A0A2T5HUT9|A0A2T5HUT9_9RHOB,RHD,1,351.2,351.2,bg_rieske_oxy.fasta,True,0.055,NOVEL
IND-C076,BG|tr|A0A2S2FE04|A0A2S2FE04_9GAMM,RHD,1,348.9,348.9,bg_rieske_oxy.fasta,True,0.068,NOVEL
IND-C077,BG|tr|A0ABY8XLD9|A0ABY8XLD9_9PSEU,RHD,1,347.9,347.9,bg_rieske_oxy.fasta,True,0.064,NOVEL
IND-C078,BG|tr|A0ABW3FP19|A0ABW3FP19_9PSEU,RHD,1,347.6,347.6,bg_rieske_oxy.fasta,True,0.069,NOVEL
IND-C079,BG|tr|A0A1H3HM91|A0A1H3HM91_9EURY,RHD,1,345.9,345.9,bg_rieske_oxy.fasta,True,0.081,NOVEL
IND-C080,BG|tr|A0ABX4N2G0|A0ABX4N2G0_9MICC,RHD,1,341.8,341.8,bg_rieske_oxy.fasta,True,0.06,NOVEL
IND-C081,BG|tr|A0A844XGB8|A0A844XGB8_9SPHN,RHD,1,338.2,338.2,bg_rieske_oxy.fasta,True,0.057,NOVEL
IND-C082,BG|tr|A0A6J5J2U6|A0A6J5J2U6_9BURK,RHD,1,334.4,334.4,bg_rieske_oxy.fasta,True,0.062,NOVEL
IND-C083,BG|tr|A0ABZ1ATC9|A0ABZ1ATC9_AROEV,RHD,1,332.7,332.7,bg_rieske_oxy.fasta,True,0.068,NOVEL
IND-C084,BG|tr|A0A7W6LT19|A0A7W6LT19_9SPHN,RHD,1,327.7,327.7,bg_rieske_oxy.fasta,True,0.063,NOVEL
IND-C085,BG|tr|A0A418YP24|A0A418YP24_9SPHN,RHD,1,323.5,323.5,bg_rieske_oxy.fasta,True,0.053,NOVEL
IND-C086,BG|tr|A0ABZ0HZB7|A0ABZ0HZB7_9GAMM,HLD,1,321.4,321.4,bg_dehalogenase_like.fasta,,0.14,NOVEL
IND-C087,BG|tr|A0A238ZH95|A0A238ZH95_9PSEU,RHD,1,320.8,320.8,bg_rieske_oxy.fasta,True,0.068,NOVEL
IND-C088,BG|tr|A0A2S7K4H5|A0A2S7K4H5_9PROT,RHD,1,318.5,318.5,bg_rieske_oxy.fasta,True,0.057,NOVEL
IND-C089,BG|tr|A0ABT0CCM3|A0ABT0CCM3_THEVL,RHD,1,304.7,304.7,bg_rieske_oxy.fasta,True,0.059,NOVEL
IND-C090,BG|tr|A0A4R5M6S2|A0A4R5M6S2_9BURK,RHD,1,301.6,301.6,bg_rieske_oxy.fasta,True,0.057,NOVEL
IND-C091,BG|tr|A1K6Z5|A1K6Z5_AZOSB,RHD,1,301.3,301.3,bg_rieske_oxy.fasta,True,0.056,NOVEL
IND-C092,BG|tr|A0A6S7AKK3|A0A6S7AKK3_9BURK,RHD,1,299.1,299.1,bg_rieske_oxy.fasta,True,0.055,NOVEL
IND-C093,BG|tr|A0ABN4JD39|A0ABN4JD39_9BURK,RHD,1,298.5,298.5,bg_rieske_oxy.fasta,True,0.047,NOVEL
IND-C094,BG|tr|A0A431TNU0|A0A431TNU0_9BURK,RHD,2,297.7,297.7,bg_rieske_oxy.fasta,True,0.055,NOVEL
IND-C095,BG|tr|A0ACG2NG95|A0ACG2NG95_9BURK,RHD,1,296.1,296.1,bg_rieske_oxy.fasta,True,0.052,NOVEL
IND-C096,MGYG000518823|MGYG000518823_02897,HLD,1,295.7,295.7,mgnify:MGYG000518823,,0.138,NOVEL
IND-C097,BG|tr|A0ABY0DNZ4|A0ABY0DNZ4_9BRAD,RHD,1,295.2,295.2,bg_rieske_oxy.fasta,True,0.05,NOVEL
IND-C098,BG|tr|A0ABV1MBV9|A0ABV1MBV9_9MYCO,HLD,1,293.6,293.6,bg_dehalogenase_like.fasta,,1.0,HOMOLOG-OF-CANON
IND-C099,BG|tr|A0A939EKD2|A0A939EKD2_9HYPH,RHD,1,293.6,293.6,bg_rieske_oxy.fasta,True,0.057,NOVEL
IND-C100,BG|tr|A0A157ZJI7|A0A157ZJI7_9BURK,RHD,1,289.2,289.2,bg_rieske_oxy.fasta,True,0.059,NOVEL
IND-C101,BG|tr|A0ABX0GKC9|A0ABX0GKC9_9GAMM,RHD,1,288.3,288.3,bg_rieske_oxy.fasta,True,0.065,NOVEL
IND-C102,BG|tr|A0ABT3AJM5|A0ABT3AJM5_9RHOB,RHD,1,284.3,284.3,bg_rieske_oxy.fasta,True,0.053,NOVEL
IND-C103,MGYG000490812|MGYG000490812_00491,HLD,1,280.5,280.5,mgnify:MGYG000490812,,0.134,NOVEL
IND-C104,BG|tr|A0ABS6P8V0|A0ABS6P8V0_9PSED,RHD,1,277.4,277.4,bg_rieske_oxy.fasta,True,0.061,NOVEL
IND-C105,BG|tr|A0A4R2CX10|A0A4R2CX10_SHIGR,RHD,1,274.0,274.0,bg_rieske_oxy.fasta,True,0.056,NOVEL
IND-C106,BG|tr|A0A521FBF7|A0A521FBF7_9RHOB,RHD,1,269.1,269.1,bg_rieske_oxy.fasta,True,0.06,NOVEL
IND-C107,BG|tr|A0AAE3QE85|A0AAE3QE85_9HYPH,RHD,2,266.0,266.0,bg_rieske_oxy.fasta,True,0.058,NOVEL
IND-C108,BG|tr|A0A261VVZ4|A0A261VVZ4_9BORD,RHD,1,264.8,264.8,bg_rieske_oxy.fasta,True,0.054,NOVEL
IND-C109,BG|tr|A0A2A5KWR0|A0A2A5KWR0_9HYPH,RHD,2,259.2,259.2,bg_rieske_oxy.fasta,True,0.056,NOVEL
IND-C110,BG|tr|A0A7X5F1T1|A0A7X5F1T1_9HYPH,RHD,1,258.2,258.2,bg_rieske_oxy.fasta,True,0.058,NOVEL
IND-C111,BG|tr|A0A135HUB8|A0A135HUB8_9HYPH,RHD,1,258.0,258.0,bg_rieske_oxy.fasta,True,0.054,NOVEL
IND-C112,BG|tr|A0A2S9QCB2|A0A2S9QCB2_9HYPH,RHD,1,256.0,256.0,bg_rieske_oxy.fasta,True,0.063,NOVEL
IND-C113,BG|tr|A0A5C4XRF7|A0A5C4XRF7_9HYPH,RHD,2,255.9,255.9,bg_rieske_oxy.fasta,True,0.055,NOVEL
IND-C114,BG|tr|A0A3P4B004|A0A3P4B004_9BURK,RHD,1,255.1,255.1,bg_rieske_oxy.fasta,True,0.052,NOVEL
IND-C115,BG|tr|A0ABV7DE68|A0ABV7DE68_9HYPH,RHD,1,255.0,255.0,bg_rieske_oxy.fasta,True,0.062,NOVEL
IND-C116,BG|tr|A0A401IXB0|A0A401IXB0_SPHXE,RHD,1,252.3,252.3,bg_rieske_oxy.fasta,True,0.054,NOVEL
IND-C117,MGYG000490812|MGYG000490812_02541,HLD,1,252.1,252.1,mgnify:MGYG000490812,,0.115,NOVEL
IND-C118,BG|tr|A0A317MYL7|A0A317MYL7_9GAMM,RHD,1,249.5,249.5,bg_rieske_oxy.fasta,True,0.055,NOVEL
IND-C119,BG|tr|A0A1M6CY65|A0A1M6CY65_9RHOB,RHD,1,249.5,249.5,bg_rieske_oxy.fasta,True,0.061,NOVEL
IND-C120,BG|tr|A0A3B0MB04|A0A3B0MB04_9RHOB,RHD,1,244.3,244.3,bg_rieske_oxy.fasta,True,0.058,NOVEL
IND-C121,BG|tr|A0A502BUF7|A0A502BUF7_9HYPH,RHD,1,244.2,244.2,bg_rieske_oxy.fasta,True,0.05,NOVEL
IND-C122,BG|tr|A0A8K0XZ78|A0A8K0XZ78_9RHOB,RHD,1,243.9,243.9,bg_rieske_oxy.fasta,True,0.059,NOVEL
IND-C123,BG|tr|S6B2I6|S6B2I6_METRE,RHD,1,241.6,241.6,bg_rieske_oxy.fasta,True,0.061,NOVEL
IND-C124,BG|tr|A0AAD3RVY5|A0AAD3RVY5_9RHOB,RHD,1,240.0,240.0,bg_rieske_oxy.fasta,True,0.054,NOVEL
IND-C125,BG|tr|A0ABS9RYN3|A0ABS9RYN3_9GAMM,RHD,1,238.1,238.1,bg_rieske_oxy.fasta,True,0.061,NOVEL
IND-C126,BG|tr|A0A1A8T6A0|A0A1A8T6A0_9GAMM,RHD,1,237.6,237.6,bg_rieske_oxy.fasta,True,0.059,NOVEL
IND-C127,BG|tr|A0A0E3C5W0|A0A0E3C5W0_9BURK,RHD,1,237.0,237.0,bg_rieske_oxy.fasta,True,0.064,NOVEL
IND-C128,BG|tr|A0ABU3EER5|A0ABU3EER5_9RHOB,RHD,1,236.8,236.8,bg_rieske_oxy.fasta,True,0.057,NOVEL
IND-C129,BG|tr|A0ABW3P1Y3|A0ABW3P1Y3_9SPHN,RHD,1,235.9,235.9,bg_rieske_oxy.fasta,True,0.064,NOVEL
IND-C130,BG|tr|A0A5C4R233|A0A5C4R233_9RHOB,RHD,2,232.2,232.2,bg_rieske_oxy.fasta,True,0.052,NOVEL
IND-C131,BG|tr|A0A7W2LJT0|A0A7W2LJT0_9PSED,RHD,3,231.5,231.5,bg_rieske_oxy.fasta,True,0.047,NOVEL
IND-C132,BG|tr|A0AB33Z290|A0AB33Z290_9GAMM,RHD,1,230.1,230.1,bg_rieske_oxy.fasta,True,0.06,NOVEL
IND-C133,BG|tr|A0A0M3AIB6|A0A0M3AIB6_9SPHN,RHD,1,228.2,228.2,bg_rieske_oxy.fasta,True,0.057,NOVEL
IND-C134,BG|tr|A0AAE5TXB3|A0AAE5TXB3_9HYPH,RHD,1,224.6,224.6,bg_rieske_oxy.fasta,True,0.062,NOVEL
IND-C135,BG|tr|A0A7X0FAS4|A0A7X0FAS4_9HYPH,RHD,1,223.7,223.7,bg_rieske_oxy.fasta,True,0.055,NOVEL
IND-C136,BG|tr|A0A7Z2GS49|A0A7Z2GS49_9BURK,RHD,1,223.5,223.5,bg_rieske_oxy.fasta,True,0.056,NOVEL
IND-C137,BG|tr|A0A1E3R9U5|A0A1E3R9U5_MYCFV,RHD,1,220.3,220.3,bg_rieske_oxy.fasta,True,0.064,NOVEL
IND-C138,BG|tr|A0ABX2QGS9|A0ABX2QGS9_9HYPH,RHD,1,218.6,218.6,bg_rieske_oxy.fasta,True,0.056,NOVEL
IND-C139,BG|tr|A0A512AES0|A0A512AES0_9SPHN,RHD,1,218.3,218.3,bg_rieske_oxy.fasta,True,0.05,NOVEL
IND-C140,BG|tr|A0A1H5Z4D5|A0A1H5Z4D5_9HYPH,RHD,1,216.9,216.9,bg_rieske_oxy.fasta,True,0.059,NOVEL
IND-C141,BG|tr|A0ABZ2U2V7|A0ABZ2U2V7_9ACTN,RHD,1,212.9,212.9,bg_rieske_oxy.fasta,True,0.062,NOVEL
IND-C142,BG|tr|A0A3S3RYW4|A0A3S3RYW4_9HYPH,RHD,1,212.1,212.1,bg_rieske_oxy.fasta,True,0.069,NOVEL
IND-C143,BG|tr|A0AAI8BEH5|A0AAI8BEH5_9BURK,RHD,1,211.1,211.1,bg_rieske_oxy.fasta,True,0.069,NOVEL
IND-C144,BG|tr|A0ABQ1NCY0|A0ABQ1NCY0_9BURK,RHD,2,210.5,210.5,bg_rieske_oxy.fasta,True,0.064,NOVEL
IND-C145,BG|tr|A0A239C344|A0A239C344_9ACTN,RHD,1,206.0,206.0,bg_rieske_oxy.fasta,True,0.069,NOVEL
IND-C146,BG|tr|S5T463|S5T463_9GAMM,RHD,1,204.4,204.4,bg_rieske_oxy.fasta,True,0.065,NOVEL
IND-C147,BG|tr|A0A231USV4|A0A231USV4_9HYPH,RHD,1,203.4,203.4,bg_rieske_oxy.fasta,True,0.062,NOVEL
IND-C148,BG|tr|A0ABN5WG05|A0ABN5WG05_9SPHN,RHD,1,200.9,200.9,bg_rieske_oxy.fasta,True,0.077,NOVEL
IND-C149,BG|tr|A0ABR5I9C6|A0ABR5I9C6_9ACTN,RHD,1,199.0,199.0,bg_rieske_oxy.fasta,True,0.061,NOVEL
IND-C150,BG|tr|A0ABQ4UGV3|A0ABQ4UGV3_9HYPH,RHD,2,198.3,198.3,bg_rieske_oxy.fasta,True,0.059,NOVEL
IND-C151,BG|tr|A0ABV6PLH1|A0ABV6PLH1_9SPHN,RHD,1,197.6,197.6,bg_rieske_oxy.fasta,True,0.065,NOVEL
IND-C152,MGYG000490830|MGYG000490830_02378,RHD,1,197.6,197.6,mgnify:MGYG000490830,True,0.066,NOVEL
IND-C153,BG|tr|A0A1N7H217|A0A1N7H217_9ACTN,RHD,1,194.7,194.7,bg_rieske_oxy.fasta,True,0.065,NOVEL
IND-C154,BG|tr|A0ABU4L1N7|A0ABU4L1N7_9ACTN,RHD,1,194.2,194.2,bg_rieske_oxy.fasta,True,0.069,NOVEL
IND-C155,BG|tr|A0A4Y3VWX3|A0A4Y3VWX3_9ACTN,RHD,4,194.0,194.0,bg_rieske_oxy.fasta,True,0.073,NOVEL
IND-C156,BG|tr|W5WED4|W5WED4_9PSEU,RHD,1,193.8,193.8,bg_rieske_oxy.fasta,True,0.06,NOVEL
IND-C157,BG|tr|A0A512IEM5|A0A512IEM5_9MICC,RHD,1,192.0,192.0,bg_rieske_oxy.fasta,True,0.06,NOVEL
IND-C158,BG|tr|A0ABZ1NK39|A0ABZ1NK39_STRVL,RHD,1,191.1,191.1,bg_rieske_oxy.fasta,True,0.076,NOVEL
IND-C159,BG|tr|A0ABP9TPP9|A0ABP9TPP9_9MICC,RHD,1,190.9,190.9,bg_rieske_oxy.fasta,True,0.061,NOVEL
IND-C160,BG|tr|A0A4Z0FA09|A0A4Z0FA09_9GAMM,RHD,1,188.7,188.7,bg_rieske_oxy.fasta,True,0.065,NOVEL
IND-C161,BG|tr|A0ABV8C5T0|A0ABV8C5T0_9PSEU,RHD,1,187.3,187.3,bg_rieske_oxy.fasta,True,0.066,NOVEL
IND-C162,BG|tr|A0A931CJF7|A0A931CJF7_9MICC,RHD,1,186.8,186.8,bg_rieske_oxy.fasta,True,0.061,NOVEL
IND-C163,BG|tr|A0A420ER35|A0A420ER35_9SPHN,RHD,1,186.7,186.7,bg_rieske_oxy.fasta,True,0.058,NOVEL
IND-C164,BG|tr|A0A9W6IXS9|A0A9W6IXS9_9HYPH,RHD,1,185.8,185.8,bg_rieske_oxy.fasta,True,0.063,NOVEL
IND-C165,BG|tr|A0A917F1J4|A0A917F1J4_9ACTN,RHD,1,184.7,184.7,bg_rieske_oxy.fasta,True,0.076,NOVEL
IND-C166,BG|tr|A0A2T4IUE8|A0A2T4IUE8_9HYPH,RHD,2,183.5,183.5,bg_rieske_oxy.fasta,True,0.066,NOVEL
IND-C167,BG|tr|A0A7G1PEK9|A0A7G1PEK9_9ACTN,RHD,1,183.1,183.1,bg_rieske_oxy.fasta,True,0.063,NOVEL
IND-C168,BG|tr|A0ABR9IY35|A0ABR9IY35_RHIVS,RHD,3,181.8,181.8,bg_rieske_oxy.fasta,True,0.058,NOVEL
IND-C169,BG|tr|A0A4T3F2I0|A0A4T3F2I0_9SPHN,RHD,1,181.4,181.4,bg_rieske_oxy.fasta,True,0.057,NOVEL
IND-C170,BG|tr|A0ABV7P016|A0ABV7P016_9PSEU,RHD,1,181.2,181.2,bg_rieske_oxy.fasta,True,0.062,NOVEL
IND-C171,BG|tr|A0A1W2DH41|A0A1W2DH41_KIBAR,RHD,1,180.8,180.8,bg_rieske_oxy.fasta,True,0.062,NOVEL
IND-C172,BG|tr|A0A1H8TDD2|A0A1H8TDD2_9PSEU,RHD,1,180.4,180.4,bg_rieske_oxy.fasta,True,0.074,NOVEL
IND-C173,BG|tr|Q0BW28|Q0BW28_GRABC,RHD,1,180.4,180.4,bg_rieske_oxy.fasta,True,0.062,NOVEL
IND-C174,BG|tr|A0A401YPM8|A0A401YPM8_9ACTN,RHD,1,180.3,180.3,bg_rieske_oxy.fasta,True,0.071,NOVEL
IND-C175,BG|tr|U2YN25|U2YN25_9SPHN,RHD,1,179.6,179.6,bg_rieske_oxy.fasta,False,0.05,NOVEL
IND-C176,BG|tr|A0A263D487|A0A263D487_9PSEU,RHD,1,179.5,179.5,bg_rieske_oxy.fasta,True,0.064,NOVEL
IND-C177,BG|tr|A0A6L6X0P5|A0A6L6X0P5_9ACTN,RHD,1,179.0,179.0,bg_rieske_oxy.fasta,True,0.068,NOVEL
IND-C178,BG|tr|T0GQ09|T0GQ09_9SPHN,RHD,1,178.9,178.9,bg_rieske_oxy.fasta,True,0.066,NOVEL
IND-C179,BG|tr|A0ABT2IA53|A0ABT2IA53_9SPHN,RHD,1,178.8,178.8,bg_rieske_oxy.fasta,True,0.054,NOVEL
IND-C180,BG|tr|A0A1G8I6A8|A0A1G8I6A8_9MICC,RHD,3,178.7,178.7,bg_rieske_oxy.fasta,True,0.07,NOVEL
IND-C181,BG|tr|A0A9E5MNE3|A0A9E5MNE3_9GAMM,RHD,1,178.3,178.3,bg_rieske_oxy.fasta,True,0.068,NOVEL
IND-C182,BG|tr|A0A916Y8M6|A0A916Y8M6_9SPHN,RHD,1,178.1,178.1,bg_rieske_oxy.fasta,True,0.065,NOVEL
IND-C183,BG|tr|A0A6N4VG45|A0A6N4VG45_9MYCO,RHD,1,177.8,177.8,bg_rieske_oxy.fasta,True,0.067,NOVEL
IND-C184,BG|tr|A0ABT6CRT9|A0ABT6CRT9_9SPHN,RHD,1,177.7,177.7,bg_rieske_oxy.fasta,True,0.062,NOVEL
IND-C185,BG|tr|A0A9E5MHA0|A0A9E5MHA0_9GAMM,RHD,1,177.6,177.6,bg_rieske_oxy.fasta,True,0.056,NOVEL
IND-C186,BG|tr|A0ABQ6PAX9|A0ABQ6PAX9_9SPHN,RHD,1,177.4,177.4,bg_rieske_oxy.fasta,True,0.064,NOVEL
IND-C187,BG|tr|A0ABW9LFX2|A0ABW9LFX2_9MYCO,RHD,1,177.4,177.4,bg_rieske_oxy.fasta,True,0.075,NOVEL
IND-C188,BG|tr|A0A3P5XFH6|A0A3P5XFH6_9RHOB,RHD,1,176.8,176.8,bg_rieske_oxy.fasta,True,0.065,NOVEL
IND-C189,BG|tr|A0A846YN52|A0A846YN52_9NOCA,RHD,1,176.4,176.4,bg_rieske_oxy.fasta,True,0.066,NOVEL
IND-C190,BG|tr|A0ABS8JSL3|A0ABS8JSL3_9BURK,RHD,1,176.3,176.3,bg_rieske_oxy.fasta,True,0.053,NOVEL
IND-C191,BG|tr|A0ABW7UTM6|A0ABW7UTM6_9ACTN,RHD,1,176.2,176.2,bg_rieske_oxy.fasta,True,0.075,NOVEL
IND-C192,BG|tr|A0ABW8CDU3|A0ABW8CDU3_9ACTN,RHD,1,176.1,176.1,bg_rieske_oxy.fasta,True,0.067,NOVEL
IND-C193,BG|tr|A0A0D6N7M3|A0A0D6N7M3_9PROT,RHD,1,175.8,175.8,bg_rieske_oxy.fasta,True,0.06,NOVEL
IND-C194,BG|tr|A0A3R8SFG2|A0A3R8SFG2_9MICO,RHD,1,175.8,175.8,bg_rieske_oxy.fasta,True,0.066,NOVEL
IND-C195,BG|tr|A0A6P2C7R5|A0A6P2C7R5_9ACTN,RHD,1,175.6,175.6,bg_rieske_oxy.fasta,True,0.063,NOVEL
IND-C196,BG|tr|A0ABU5QWR2|A0ABU5QWR2_9PSEU,RHD,1,175.5,175.5,bg_rieske_oxy.fasta,True,0.074,NOVEL
IND-C197,BG|tr|X5M687|X5M687_9HYPH,RHD,1,175.1,175.1,bg_rieske_oxy.fasta,True,0.058,NOVEL
IND-C198,BG|tr|A0ABP7B4A4|A0ABP7B4A4_9ACTN,RHD,1,175.0,175.0,bg_rieske_oxy.fasta,True,0.065,NOVEL
IND-C199,BG|tr|A0A0B1ZRK2|A0A0B1ZRK2_9SPHN,RHD,1,174.7,174.7,bg_rieske_oxy.fasta,True,0.068,NOVEL
IND-C200,BG|tr|A0A1I6NTU9|A0A1I6NTU9_9PSEU,RHD,1,174.6,174.6,bg_rieske_oxy.fasta,True,0.058,NOVEL
IND-C201,BG|tr|A0ABU8RQ74|A0ABU8RQ74_9SPHN,RHD,1,174.5,174.5,bg_rieske_oxy.fasta,True,0.057,NOVEL
IND-C202,BG|tr|A0ABU3AX76|A0ABU3AX76_9ACTN,RHD,1,174.0,174.0,bg_rieske_oxy.fasta,True,0.072,NOVEL
IND-C203,BG|tr|A0A1B7LXS9|A0A1B7LXS9_9MICC,RHD,1,174.0,174.0,bg_rieske_oxy.fasta,True,0.071,NOVEL
IND-C204,BG|tr|A0ABV6UMW0|A0ABV6UMW0_9ACTN,RHD,1,173.9,173.9,bg_rieske_oxy.fasta,False,0.074,NOVEL
IND-C205,BG|tr|A0A2G4YQP7|A0A2G4YQP7_9PROT,RHD,1,173.9,173.9,bg_rieske_oxy.fasta,True,0.062,NOVEL
IND-C206,BG|tr|A0A5E4UYG6|A0A5E4UYG6_9BURK,RHD,1,173.5,173.5,bg_rieske_oxy.fasta,True,0.072,NOVEL
IND-C207,BG|tr|A0ABQ1F3I3|A0ABQ1F3I3_SPHSA,RHD,1,173.4,173.4,bg_rieske_oxy.fasta,False,0.06,NOVEL
IND-C208,BG|tr|A0A9X2M2P2|A0A9X2M2P2_STRMQ,RHD,1,173.2,173.2,bg_rieske_oxy.fasta,True,0.072,NOVEL
IND-C209,BG|tr|A0ABR5FBE0|A0ABR5FBE0_9MYCO,RHD,1,172.7,172.7,bg_rieske_oxy.fasta,True,0.066,NOVEL
IND-C210,BG|tr|A0A437GUA1|A0A437GUA1_9SPHN,RHD,1,172.5,172.5,bg_rieske_oxy.fasta,True,0.057,NOVEL
IND-C211,BG|tr|A0A1I5ZXQ9|A0A1I5ZXQ9_9PSEU,RHD,1,172.4,172.4,bg_rieske_oxy.fasta,True,0.068,NOVEL
IND-C212,BG|tr|A0ABR6KZZ1|A0ABR6KZZ1_9HYPH,RHD,1,172.1,172.1,bg_rieske_oxy.fasta,True,0.058,NOVEL
IND-C213,BG|tr|A0A975KB27|A0A975KB27_9SPHN,RHD,1,171.6,171.6,bg_rieske_oxy.fasta,True,0.058,NOVEL
IND-C214,BG|tr|A0A916TVL5|A0A916TVL5_9SPHN,RHD,1,170.1,170.1,bg_rieske_oxy.fasta,True,0.063,NOVEL
IND-C215,BG|tr|A0A7S8F392|A0A7S8F392_9SPHN,RHD,1,169.8,169.8,bg_rieske_oxy.fasta,True,0.066,NOVEL
IND-C216,BG|tr|A0A439DTI3|A0A439DTI3_9MYCO,RHD,1,169.2,169.2,bg_rieske_oxy.fasta,False,0.059,NOVEL
IND-C217,BG|tr|A0A3A3G8R6|A0A3A3G8R6_9BURK,RHD,1,169.2,169.2,bg_rieske_oxy.fasta,True,0.066,NOVEL
IND-C218,BG|tr|A0A916Y788|A0A916Y788_9SPHN,RHD,1,169.1,169.1,bg_rieske_oxy.fasta,True,0.06,NOVEL
IND-C219,BG|tr|A0ABU3EIM9|A0ABU3EIM9_9RHOB,RHD,1,168.9,168.9,bg_rieske_oxy.fasta,True,0.054,NOVEL
IND-C220,BG|tr|A0A0U1DG53|A0A0U1DG53_9MYCO,RHD,4,168.8,168.8,bg_rieske_oxy.fasta,False,0.062,NOVEL
IND-C221,BG|tr|A0ABT0BTX0|A0ABT0BTX0_9SPHN,RHD,1,167.6,167.6,bg_rieske_oxy.fasta,True,0.051,NOVEL
IND-C222,MGYG000490818|MGYG000490818_02757,RHD,1,167.4,167.4,mgnify:MGYG000490818,True,0.058,NOVEL
IND-C223,BG|tr|A0ABX0XJ48|A0ABX0XJ48_9SPHN,RHD,1,166.9,166.9,bg_rieske_oxy.fasta,True,0.061,NOVEL
IND-C224,BG|tr|A0ABT5WR65|A0ABT5WR65_9SPHN,RHD,1,166.7,166.7,bg_rieske_oxy.fasta,True,0.065,NOVEL
IND-C225,BG|tr|A0A8J3PJB9|A0A8J3PJB9_9ACTN,RHD,2,166.1,166.1,bg_rieske_oxy.fasta,True,0.068,NOVEL
IND-C226,BG|tr|A0A839ZE66|A0A839ZE66_9HYPH,RHD,1,166.1,166.1,bg_rieske_oxy.fasta,True,0.071,NOVEL
IND-C227,BG|tr|A0A6L6WLG2|A0A6L6WLG2_9RHOB,RHD,1,165.5,165.5,bg_rieske_oxy.fasta,True,0.059,NOVEL
IND-C228,BG|tr|A0ABX1IXU8|A0ABX1IXU8_9PSEU,RHD,1,165.1,165.1,bg_rieske_oxy.fasta,True,0.065,NOVEL
IND-C229,BG|tr|A0ABS2A5E1|A0ABS2A5E1_9ACTN,RHD,1,165.0,165.0,bg_rieske_oxy.fasta,True,0.057,NOVEL
IND-C230,BG|tr|A0A848KEV8|A0A848KEV8_9NOCA,RHD,1,164.7,164.7,bg_rieske_oxy.fasta,True,0.064,NOVEL
IND-C231,BG|tr|A0A1X0D4P4|A0A1X0D4P4_9MYCO,RHD,1,164.5,164.5,bg_rieske_oxy.fasta,False,0.049,NOVEL
IND-C232,BG|tr|A0A158IMZ3|A0A158IMZ3_9BURK,RHD,1,164.3,164.3,bg_rieske_oxy.fasta,True,0.063,NOVEL
IND-C233,BG|tr|A0ABT8HMA4|A0ABT8HMA4_MYCAO,RHD,3,164.0,164.0,bg_rieske_oxy.fasta,False,0.059,NOVEL
IND-C234,BG|tr|A0A2W1DTC9|A0A2W1DTC9_PYRTN,RHD,1,163.3,163.3,bg_rieske_oxy.fasta,True,0.066,NOVEL
IND-C235,BG|tr|A0ABQ6A2A7|A0ABQ6A2A7_9PROT,RHD,1,163.1,163.1,bg_rieske_oxy.fasta,True,0.05,NOVEL
IND-C236,BG|tr|A0ABX4Y605|A0ABX4Y605_9PSED,RHD,1,162.9,162.9,bg_rieske_oxy.fasta,True,0.048,NOVEL
IND-C237,BG|tr|A0A3R8R5Y0|A0A3R8R5Y0_9SPHN,RHD,1,162.3,162.3,bg_rieske_oxy.fasta,True,0.053,NOVEL
IND-C238,BG|tr|A0A124JTQ4|A0A124JTQ4_9SPHN,RHD,1,161.1,161.1,bg_rieske_oxy.fasta,True,0.054,NOVEL
IND-C239,BG|tr|A0A7W5ALJ5|A0A7W5ALJ5_9ACTN,RHD,1,160.9,160.9,bg_rieske_oxy.fasta,True,0.056,NOVEL
IND-C240,BG|tr|A0A5N6IM14|A0A5N6IM14_9EURO,RHD,1,160.9,160.9,bg_rieske_oxy.fasta,True,0.058,NOVEL
IND-C241,BG|tr|A0ABU9SJ82|A0ABU9SJ82_9BURK,RHD,1,160.5,160.5,bg_rieske_oxy.fasta,True,0.061,NOVEL
IND-C242,BG|tr|A0A2R8C4F9|A0A2R8C4F9_9RHOB,RHD,1,160.4,160.4,bg_rieske_oxy.fasta,True,0.062,NOVEL
IND-C243,BG|tr|A0A1X0IGM4|A0A1X0IGM4_9MYCO,RHD,1,160.0,160.0,bg_rieske_oxy.fasta,False,0.065,NOVEL
IND-C244,BG|tr|A0ABY7TKM0|A0ABY7TKM0_9SPHN,RHD,1,159.8,159.8,bg_rieske_oxy.fasta,False,0.063,NOVEL
IND-C245,BG|tr|A0A7I9XR16|A0A7I9XR16_9MYCO,RHD,1,159.6,159.6,bg_rieske_oxy.fasta,False,0.058,NOVEL
IND-C246,BG|tr|A0A7X0MV12|A0A7X0MV12_9GAMM,RHD,1,159.6,159.6,bg_rieske_oxy.fasta,True,0.055,NOVEL
IND-C247,BG|tr|A0A2S5ZXP6|A0A2S5ZXP6_9NOCA,RHD,1,159.3,159.3,bg_rieske_oxy.fasta,True,0.062,NOVEL
IND-C248,BG|tr|A0ABR5FIN0|A0ABR5FIN0_9MYCO,RHD,1,159.3,159.3,bg_rieske_oxy.fasta,False,0.059,NOVEL
IND-C249,BG|tr|A0A344J8X9|A0A344J8X9_9GAMM,RHD,1,158.9,158.9,bg_rieske_oxy.fasta,True,0.061,NOVEL
IND-C250,BG|tr|A0A1X0DNM3|A0A1X0DNM3_MYCHE,RHD,1,157.6,157.6,bg_rieske_oxy.fasta,True,0.065,NOVEL
IND-C251,BG|tr|A0A656QPQ2|A0A656QPQ2_9BURK,RHD,1,156.9,156.9,bg_rieske_oxy.fasta,True,0.059,NOVEL
IND-C252,BG|tr|A0ABV8T552|A0ABV8T552_9GAMM,RHD,1,156.7,156.7,bg_rieske_oxy.fasta,False,0.064,NOVEL
IND-C253,BG|tr|T0GJ19|T0GJ19_SPHWJ,RHD,1,155.4,155.4,bg_rieske_oxy.fasta,True,0.059,NOVEL
IND-C254,BG|tr|A0A1V6NWY0|A0A1V6NWY0_PENDC,RHD,1,154.9,154.9,bg_rieske_oxy.fasta,True,0.06,NOVEL
IND-C255,BG|tr|A0A2U3P6M9|A0A2U3P6M9_9MYCO,RHD,1,154.8,154.8,bg_rieske_oxy.fasta,True,0.065,NOVEL
IND-C256,BG|tr|A0A4Y9ERD7|A0A4Y9ERD7_9SPHN,RHD,1,154.8,154.8,bg_rieske_oxy.fasta,True,0.056,NOVEL
IND-C257,BG|tr|A0ABV2WYM2|A0ABV2WYM2_9NOCA,RHD,1,154.6,154.6,bg_rieske_oxy.fasta,True,0.066,NOVEL
IND-C258,BG|tr|A0A5C9A2W3|A0A5C9A2W3_9GAMM,RHD,1,154.5,154.5,bg_rieske_oxy.fasta,True,0.058,NOVEL
IND-C259,BG|tr|A0ABQ9PAV5|A0ABQ9PAV5_9PEZI,RHD,1,154.5,154.5,bg_rieske_oxy.fasta,True,0.056,NOVEL
IND-C260,BG|tr|A0A163L4C1|A0A163L4C1_DIDRA,RHD,1,154.1,154.1,bg_rieske_oxy.fasta,True,0.062,NOVEL
IND-C261,BG|tr|A0ABR9K2M6|A0ABR9K2M6_9ACTN,RHD,1,154.1,154.1,bg_rieske_oxy.fasta,False,0.063,NOVEL
IND-C262,BG|tr|A0A485KYE6|A0A485KYE6_9STRA,RHD,1,153.8,153.8,bg_rieske_oxy.fasta,True,0.064,NOVEL
IND-C263,BG|tr|A0A9X0BEE5|A0A9X0BEE5_9EURO,RHD,1,153.7,153.7,bg_rieske_oxy.fasta,True,0.055,NOVEL
IND-C264,BG|tr|A0A9X1QKM9|A0A9X1QKM9_9SPHN,RHD,1,153.5,153.5,bg_rieske_oxy.fasta,True,0.065,NOVEL
IND-C265,BG|tr|A0A9W4UQZ4|A0A9W4UQZ4_9PLEO,RHD,1,153.5,153.5,bg_rieske_oxy.fasta,True,0.056,NOVEL
IND-C266,BG|tr|A0A839IT74|A0A839IT74_9GAMM,RHD,1,152.9,152.9,bg_rieske_oxy.fasta,True,0.051,NOVEL
IND-C267,BG|tr|A0A9Y2F6M4|A0A9Y2F6M4_9SPHN,RHD,1,152.8,152.8,bg_rieske_oxy.fasta,True,0.061,NOVEL
IND-C268,BG|tr|A0ABT4MNE0|A0ABT4MNE0_GORRU,RHD,1,152.8,152.8,bg_rieske_oxy.fasta,True,0.065,NOVEL
IND-C269,BG|tr|W9VRT9|W9VRT9_9EURO,RHD,1,151.9,151.9,bg_rieske_oxy.fasta,True,0.057,NOVEL
IND-C270,BG|tr|A0A9P8Y2Z5|A0A9P8Y2Z5_9PEZI,RHD,1,151.3,151.3,bg_rieske_oxy.fasta,True,0.058,NOVEL
IND-C271,BG|tr|A0A7I9YSE1|A0A7I9YSE1_MYCBU,RHD,2,150.0,150.0,bg_rieske_oxy.fasta,False,0.064,NOVEL
IND-C272,BG|tr|A0ACG5F862|A0ACG5F862_9MYCO,RHD,2,150.0,150.0,bg_rieske_oxy.fasta,False,0.053,NOVEL
IND-C273,BG|tr|A0AAN9L8N1|A0AAN9L8N1_CANGL,RHD,1,149.9,149.9,bg_rieske_oxy.fasta,True,0.051,NOVEL
IND-C274,BG|tr|A0A1Q4HFV7|A0A1Q4HFV7_9MYCO,RHD,1,149.8,149.8,bg_rieske_oxy.fasta,True,0.058,NOVEL
IND-C275,BG|tr|A0AAD9WXI7|A0AAD9WXI7_9ROSI,RHD,1,149.8,149.8,bg_rieske_oxy.fasta,True,0.053,NOVEL
IND-C276,BG|tr|A0A375YIR0|A0A375YIR0_MYCPF,RHD,1,149.4,149.4,bg_rieske_oxy.fasta,True,0.06,NOVEL
IND-C277,BG|tr|A0ABV3RBA2|A0ABV3RBA2_9SPHN,RHD,1,149.2,149.2,bg_rieske_oxy.fasta,False,0.061,NOVEL
IND-C278,BG|tr|A0A6P5SP34|A0A6P5SP34_PRUAV,RHD,1,148.7,148.7,bg_rieske_oxy.fasta,True,0.055,NOVEL
IND-C279,BG|tr|A0ABZ2XC75|A0ABZ2XC75_9HYPO,RHD,1,148.5,148.5,bg_rieske_oxy.fasta,True,0.063,NOVEL
IND-C280,BG|tr|Q4FL71|Q4FL71_PELUB,RHD,1,148.4,148.4,bg_rieske_oxy.fasta,True,0.043,NOVEL
IND-C281,BG|tr|A0ABV7L4U9|A0ABV7L4U9_9PROT,RHD,1,148.1,148.1,bg_rieske_oxy.fasta,True,0.064,NOVEL
IND-C282,BG|tr|A0A6J4GZ63|A0A6J4GZ63_9FLAO,RHD,1,147.9,147.9,bg_rieske_oxy.fasta,True,0.055,NOVEL
IND-C283,BG|tr|A0A1I5MRL5|A0A1I5MRL5_9PSED,RHD,1,147.5,147.5,bg_rieske_oxy.fasta,True,0.052,NOVEL
IND-C284,BG|tr|A0A1V6UJ74|A0A1V6UJ74_9EURO,RHD,1,147.3,147.3,bg_rieske_oxy.fasta,True,0.06,NOVEL
IND-C285,BG|tr|A0ABQ9NLG9|A0ABQ9NLG9_9PEZI,RHD,1,147.1,147.1,bg_rieske_oxy.fasta,True,0.053,NOVEL
IND-C286,BG|tr|A0ABT8X7L2|A0ABT8X7L2_9HYPH,RHD,1,146.7,146.7,bg_rieske_oxy.fasta,True,0.052,NOVEL
IND-C287,BG|tr|A0AB40AM45|A0AB40AM45_DIOCR,RHD,1,146.2,146.2,bg_rieske_oxy.fasta,True,0.054,NOVEL
IND-C288,BG|tr|A0ABX8I4C5|A0ABX8I4C5_9ASCO,RHD,1,146.1,146.1,bg_rieske_oxy.fasta,True,0.065,NOVEL
IND-C289,BG|tr|A0ABX1S6Z3|A0ABX1S6Z3_9PSEU,RHD,1,145.7,145.7,bg_rieske_oxy.fasta,False,0.054,NOVEL
IND-C290,BG|tr|A0AA35M9S7|A0AA35M9S7_9HYPO,RHD,1,144.3,144.3,bg_rieske_oxy.fasta,True,0.062,NOVEL
IND-C291,BG|tr|A0A840VNN8|A0A840VNN8_9PROT,RHD,1,144.3,144.3,bg_rieske_oxy.fasta,True,0.053,NOVEL
IND-C292,BG|tr|A0A2C9VM70|A0A2C9VM70_MANES,RHD,1,144.2,144.2,bg_rieske_oxy.fasta,True,0.06,NOVEL
IND-C293,BG|tr|A0A061EJU4|A0A061EJU4_THECC,RHD,1,143.8,143.8,bg_rieske_oxy.fasta,True,0.054,NOVEL
IND-C294,BG|tr|A0A2K2FUC5|A0A2K2FUC5_9SPHN,RHD,1,143.7,143.7,bg_rieske_oxy.fasta,False,0.056,NOVEL
IND-C295,BG|tr|A0A330HCU0|A0A330HCU0_9HYPH,RHD,2,143.6,143.6,bg_rieske_oxy.fasta,True,0.057,NOVEL
IND-C296,BG|tr|A0ACH2MC72|A0ACH2MC72_9XANT,RHD,1,143.5,143.5,bg_rieske_oxy.fasta,True,0.056,NOVEL
IND-C297,BG|tr|A0A8J3B5P9|A0A8J3B5P9_9BURK,RHD,1,143.5,143.5,bg_rieske_oxy.fasta,True,0.048,NOVEL
IND-C298,BG|tr|A0ABD1WW32|A0ABD1WW32_9LAMI,RHD,1,143.4,143.4,bg_rieske_oxy.fasta,True,0.058,NOVEL
IND-C299,BG|tr|A0A9P4YZD4|A0A9P4YZD4_9HYPO,RHD,1,142.9,142.9,bg_rieske_oxy.fasta,True,0.058,NOVEL
IND-C300,BG|tr|A0A1X1RPJ3|A0A1X1RPJ3_MYCCE,RHD,1,142.8,142.8,bg_rieske_oxy.fasta,False,0.056,NOVEL
IND-C301,BG|tr|Q7UKH7|Q7UKH7_RHOBA,RHD,1,142.5,142.5,bg_rieske_oxy.fasta,True,0.055,NOVEL
IND-C302,BG|tr|A0A4Q4ZII6|A0A4Q4ZII6_9ACTN,RHD,1,142.2,142.2,bg_rieske_oxy.fasta,True,0.064,NOVEL
IND-C303,BG|tr|A0A0G4PM70|A0A0G4PM70_PENC3,RHD,1,141.9,141.9,bg_rieske_oxy.fasta,True,0.057,NOVEL
IND-C304,BG|tr|A0ABT5WUJ9|A0ABT5WUJ9_9SPHN,RHD,1,141.0,141.0,bg_rieske_oxy.fasta,False,0.057,NOVEL
IND-C305,BG|tr|A0AAC8YXC7|A0AAC8YXC7_SPHMC,RHD,1,140.7,140.7,bg_rieske_oxy.fasta,True,0.07,NOVEL
IND-C306,BG|tr|A0A8T9B4V7|A0A8T9B4V7_9HELO,RHD,1,140.6,140.6,bg_rieske_oxy.fasta,True,0.066,NOVEL
IND-C307,BG|tr|A0A365UCR7|A0A365UCR7_9RHOB,RHD,1,140.2,140.2,bg_rieske_oxy.fasta,True,0.064,NOVEL
IND-C308,BG|tr|A0A0D5YF42|A0A0D5YF42_ACIBA,RHD,2,140.2,140.2,bg_rieske_oxy.fasta,True,0.047,NOVEL
IND-C309,BG|tr|A0ACC6MQD4|A0ACC6MQD4_MYCPF,RHD,1,140.1,140.1,bg_rieske_oxy.fasta,True,0.053,NOVEL
IND-C310,BG|tr|A0ABY7U3X5|A0ABY7U3X5_9SPHN,RHD,1,140.0,140.0,bg_rieske_oxy.fasta,True,0.069,NOVEL
IND-C311,BG|tr|A0ABM4WNY3|A0ABM4WNY3_COFAR,RHD,1,139.6,139.6,bg_rieske_oxy.fasta,True,0.058,NOVEL
IND-C312,BG|tr|A0ABV6ZV72|A0ABV6ZV72_9PROT,RHD,1,139.5,139.5,bg_rieske_oxy.fasta,True,0.059,NOVEL
IND-C313,BG|tr|A0ABZ1N3L9|A0ABZ1N3L9_9NOCA,RHD,1,139.1,139.1,bg_rieske_oxy.fasta,True,0.064,NOVEL
IND-C314,BG|tr|A0A225NLV7|A0A225NLV7_9RHOB,RHD,1,139.0,139.0,bg_rieske_oxy.fasta,True,0.059,NOVEL
IND-C315,BG|tr|A0AAV9J4Y3|A0AAV9J4Y3_9PEZI,RHD,1,138.7,138.7,bg_rieske_oxy.fasta,True,0.055,NOVEL
IND-C316,BG|tr|A0ACF5ARK5|A0ACF5ARK5_9ASCO,RHD,1,138.7,138.7,bg_rieske_oxy.fasta,True,0.055,NOVEL
IND-C317,BG|tr|A0A840WKG2|A0A840WKG2_9RHOB,RHD,1,138.4,138.4,bg_rieske_oxy.fasta,True,0.06,NOVEL
IND-C318,BG|tr|A0ABQ9PWW3|A0ABQ9PWW3_9PEZI,RHD,1,138.4,138.4,bg_rieske_oxy.fasta,True,0.064,NOVEL
IND-C319,BG|tr|A0A7I7X776|A0A7I7X776_9MYCO,RHD,1,137.6,137.6,bg_rieske_oxy.fasta,False,0.061,NOVEL
IND-C320,BG|tr|A0A4R5VFY2|A0A4R5VFY2_9RHOB,RHD,1,137.6,137.6,bg_rieske_oxy.fasta,True,0.055,NOVEL
IND-C321,BG|tr|A0A8J3GYP0|A0A8J3GYP0_9RHOB,RHD,1,137.4,137.4,bg_rieske_oxy.fasta,True,0.067,NOVEL
